A;G006326;1;kelly;fisher;severson;36;f;w;raleigh;blaydon;2714;27606;nc
B;G006326;2;kelly;louise;fisher;36;f;w;raleigh;chester;1341;27608;nc
A;G004517;3;donna;bindas;randall;63;f;w;denver;seipel;802;28037;ct
B;G004517;4;donna;bindas;randall;63;f;w;cornelius;sterling bay;21021;28031;ct
B;G004422;5;faolan;ember;brooks;19;f;w;sanford;clearwater;1531;27330;nc
A;G004422;6;faolan;ember;brooks;19;f;w;apex;rushing breeze;111;27502;nc
A;G003053;7;katy;osborne;mcgovern;34;f;w;hillsborough;chatfield;4;27278;la
B;G003053;8;katy;elizabeth;osborne;34;f;w;charlotte;sidney crest;11717;28213;
B;G001766;9;thomas;a;kovacik;70;m;w;cary;garendon;500;27519;pa
A;G001766;10;thomas;a;kovacik;70;m;w;cary;palace;118;27518;pa
B;G003000;11;robert;l;bishop;44;m;w;morrisville;molesworth;406;27560;tn
A;G003000;12;robert;lynn;bishop;44;m;w;cary;cambrian;109;27511;tn
A;G001614;13;julia;elisabeth anne;morency;27;f;w;hickory;20th;950;28601;fl
B;G001614;14;julia;elisabeth anne;morency;27;f;w;taylorsville;devil track;277;28681;fl
B;G000641;15;jeanne;michele;burnette;74;f;w;asheville;idlewood;108;28806;ar
A;G000641;16;jeanne;michele;burnette;74;f;w;mills river;sweetwater;238;28759;ar
A;G002826;17;edward;charles;mikolaitis;84;m;w;wallace;maple creek;148;28466;pa
B;G002826;18;edward;c;mikolaitis;84;m;w;morrisville;cary;1995;27560;pa
A;G002109;19;pattie;batchelor;dudley;69;f;w;vanceboro;lewis;325;28586;nc
B;G002109;20;pattie;b;king;69;f;w;grifton;grainger station;3575;28530;nc
B;G001273;21;courtney;nicole;agee;26;f;w;concord;montford;2924;28027;nc
A;G001273;22;courtney;nicole;agee;26;f;w;charlotte;barossa valley;15508;28277;nc
B;G005854;23;sarah;crile;bienkowski;33;f;w;greenville;mulberry;2607;27858;ca
A;G005854;24;sarah;crile;bienkowski;33;f;w;raleigh;saubranch hill;4209;27616;ca
B;G001965;25;jacob;anderson;edmund;25;m;w;cerro gordo;braswell;5890;28430;nc
A;G001965;26;jacob;anderson;edmund;25;m;w;greenville;brook hollow;1629;27834;nc
B;G001985;27;richard;gene;reynolds;52;m;w;delco;carroll;224;28436;nc
A;G001985;28;richard;gene;reynolds;52;m;w;wilmington;rossmore;1528;28405;nc
B;G005093;29;holly;marie;curtis;45;f;w;charlotte;hunters landing;11233;28273;ny
A;G005093;30;holly;m;curtis;45;f;w;raleigh;memory;3713;27604;ny
A;G005441;31;benjamin;beck;allen;45;m;w;wilmington;39th;1311;28403;nc
B;G005441;32;benjamin;beck;allen;45;m;w;burgaw;horseshoe;30;28425;nc
B;G004507;33;janel;pokorny;trzaskos;43;f;w;stanley;waterford;8071;28164;ct
A;G004507;34;janel;p;trzaskos;43;f;w;huntersville;willow breeze;13610;28078;ct
B;G003585;35;kathleen;june;kirk;44;f;w;winston salem;gloucestershire;310;27104;oh
A;G003585;36;kathleen;june;kirk;44;f;w;monroe;maurice;203;28112;
B;G002458;37;krinton;lamont;riggins;38;m;b;fayetteville;chason ridge;5801;28314;nc
A;G002458;38;krinton;lamont;riggins;38;m;b;rowland;union school;714;28383;nc
B;G000625;39;amanda;nicole;conard;34;f;w;asheville;sunny ridge;9;28804;nc
A;G000625;40;amanda;nicole;waldrop;34;f;w;durham;willowhaven;5146;27712;
B;G002509;41;billy;kevin;rhodes;53;m;w;kill devil hills;sportsman;209;27948;nc
A;G002509;42;billy;kevin;rhodes;53;m;w;spindale;yelton;205;28160;nc
A;G005436;43;cameron;russell;benton;26;m;w;wilmington;laurel;107;28401;nc
B;G005436;44;cameron;russell;benton;26;m;w;hampstead;lands end;104;28443;nc
A;G002507;45;crystal;dae;swain;45;f;w;southern shores;trinitie;73;27949;nc
B;G002507;46;crystal;dae;swain;45;f;w;durham;glen eden;220;27713;nc
A;G005624;47;queenie;elizabeth;johns;72;f;b;jacksonville;western;5071;28546;mt
B;G005624;48;queenie;e;johns;72;f;b;greenville;saint andrews;107;27834;nc
A;G001950;49;karen;;falls;49;f;w;kings mountain;first;914;28086;in
B;G001950;50;karen;elaine;falls;49;f;w;linden;hawkins;8731;28356;in
A;G004817;51;linda;crockett;holland;60;f;b;charlotte;old meadow;5512;28227;nc
B;G004817;52;linda;c;holland;60;f;b;charlotte;olde savannah;6606;28227;
B;G002341;53;thomas;lee;thigpen;38;m;w;stedman;bainbridge;1057;28391;nc
A;G002341;54;thomas;lee;thigpen;38;m;w;lagrange;new hope;1243;28551;nc
B;G005597;55;shirley;ann;neal;69;f;w;jacksonville;dennis;203;28546;il
A;G005597;56;shirley;ann;neal;69;f;u;madison;tern;709;27025;il
B;G000329;57;jeremy;lee;walters;47;m;w;boiling spring lakes;lumberton;2509;28461;pa
A;G000329;58;jeremy;;walters;47;m;w;burgaw;us hwy 117;634;28425;
B;G004119;59;ralph;dalton;cline;85;m;w;west jefferson;riverside;464;28694;nc
A;G004119;60;ralph;daulton;cline;85;m;w;lincolnton;labans;210;28092;
B;G002762;61;wilma;jean;baer;89;f;w;mocksville;new hampshire;149;27028;in
A;G002762;62;wilma;jean;baer;89;f;w;west jefferson;walter;265;28694;in
A;G004351;63;danny;michael;pravlik;65;m;w;willow springs;james helen;112;27592;
B;G004351;64;daniel;michael;pravlik;65;m;w;garner;indian creek;1004;27529;oh
A;G004463;65;steven;lane;hooks;59;m;b;kinston;chestnut;609;28501;
B;G004463;66;steven;lane;hooks;59;m;b;kinston;king;907;28501;nc
A;G004082;67;brinsley;morgan;stewart;24;f;w;statesville;meadowview;150;28625;nc
B;G004082;68;brinsley;morgan;stewart;24;f;w;boonville;trail;1217;27011;nc
B;G000374;69;malinda;;miller;30;f;w;shallotte;willard;503;28470;mi
A;G000374;70;malinda;sue;miller;30;u;w;calabash;wilson;1045;28467;
B;G002517;71;amy;williams;halker;32;f;w;kill devil hills;colington pointe;109;27948;sc
A;G002517;72;amy;williams;halker;32;f;w;columbia;country estate;155;27925;sc
A;G001174;73;ibn zawdie;abdul malik;stevenson;46;m;b;concord;kison;1381;28027;pa
B;G001174;74;ibn;zawdie abdul malik;stevenson;46;m;o;kannapolis;poppy;1907;28083;pa
B;G001125;75;judy;darlene;smith;70;f;w;concord;wedgewood;2405;28025;nc
A;G001125;76;darlene;k;smith;70;f;w;salisbury;wedgewood;2405;28146;nc
A;G004395;77;jeleisha;;wooten;25;u;u;dover;wyse fork;4487;28526;
B;G004395;78;jeleisha;danielle;wooten;25;f;b;kinston;waters;805;28501;nc
B;G003999;79;david;curtis;bowers;41;m;w;statesville;west iredell;199;28625;nc
A;G003999;80;david;curtis;bowers;41;m;w;mooresville;whitman;122;28115;nc
A;G003808;81;robert;glenn;henderson;73;m;w;fuquay varina;grayson senters;311;27526;nc
B;G003808;82;robert;glenn;henderson;73;m;w;apex;henderson;8420;27539;nc
B;G000394;83;curtis;mark;garst;43;m;w;leland;lanvale;630;28451;nc
A;G000394;84;curtis;mark;garst;43;m;u;carolina beach;tennessee;206;28428;
B;G005280;85;harriett;yvette;thompson;45;f;b;southern pines;loden;154;28387;nc
A;G005280;86;harriett;yvette;johnson;45;f;b;raleigh;lenoxplace;225;27603;nc
A;G002996;87;kenndra;kamelah;quiles;44;f;b;durham;rosedale;1301;27707;nj
B;G002996;88;kenndra;kamelah;johnson;44;f;b;durham;shannon;3300;27707;nj
A;G001621;89;steven;eugene;anderson;50;m;b;hickory;8th av;122;28602;nc
B;G001621;90;steven;eugene;anderson;50;m;b;fayetteville;quailmeadow;1082;28314;nc
A;G005837;91;blair;secrest;price;72;m;w;hertford;waterview;106;27944;nc
B;G005837;92;blair;s;price;72;m;w;raleigh;old horseman;6021;27613;nc
B;G002188;93;nicolas;michael;lazatin;20;m;u;fayetteville;bent grass;4447;28312;
A;G002188;94;nicolas;michael;lazatin;20;m;a;boone;stadium justice dorm;189;28608;
A;G002346;95;nathan;joseph;tyron;24;m;w;fayetteville;rustic haven;4559;28311;nc
B;G002346;96;nathan;joseph;tyron;24;u;u;wilmington;racine;418;28403;
A;G002665;97;robert;leon;loflin;75;m;w;winston salem;brookdale;328;27107;nc
B;G002665;98;robert;leon;loflin;75;m;w;sparta;hickory mountain;347;28675;nc
A;G003036;99;travis;ezekiel joel;johnson;26;m;b;durham;guy walker;405;27703;mi
B;G003036;100;travis;ezekiel joel;johnson;26;m;b;durham;huntsman;1015;27713;mi
A;G001235;101;vanaye;janece;hamilton;32;f;b;concord;deep cove;3037;28027;ca
B;G001235;102;vanaye;janece;hamilton;32;f;b;charlotte;reafield;6616;28226;
B;G003555;103;joseph;donald;vegerano;28;m;w;winston salem;woodspring;5580;27106;ct
A;G003555;104;joseph;donald;vegerano;28;m;u;maggie valley;fie top;3062;28751;ct
A;G002369;105;joni;elizabeth;wiles;48;f;w;fayetteville;cool spring;120;28301;va
B;G002369;106;joni;elizabeth;wiles;48;f;w;fuquay varina;sunset;301;27526;va
B;G004174;107;jan;marie;kelley;61;f;w;kenly;gardner;300;27542;pa
A;G004174;108;jan;m rassmussen;kelley;61;f;w;middlesex;driver;9307;27557;pa
B;G002790;109;phyllis;ann;smith;55;f;b;mocksville;dianna;119;27028;nc
A;G002790;110;phyllis;ann;smith;55;f;b;statesville;cherry;803;28677;nc
A;G005159;111;phillip;weaver;henderson;39;m;w;charlotte;ridgeway;315;28204;oh
B;G005159;112;phillip;weaver;henderson;39;m;w;cary;audubon parc;1817;27518;oh
B;G001728;113;valentina;moreno;tengono;21;f;w;pittsboro;chatham mill;170;27312;oc
A;G001728;114;valentina;moreno;tengono;21;f;m;charlotte;vinca;9629;28213;oc
A;G004575;115;derkayla;j;bell;25;f;b;williamston;willow acres;106;27892;
B;G004575;116;derkayla;jeriesha;bell;25;f;b;jacksonville;marlene;174;28546;nc
B;G004720;117;steven;joseph;gerardi;30;m;w;charlotte;selwyn farms;3718;28209;va
A;G004720;118;steven;joseph;gerardi;30;m;w;raleigh;melrose ridge;3410;27603;va
B;G005784;119;khoa;michael;tran;48;m;a;washington;ore;101;27889;
A;G005784;120;khoa;michael;tran;48;m;a;greenville;megan;816;27834;
A;G004847;121;gary;j;kroeger;62;m;w;charlotte;harrisonwoods;7415;28270;
B;G004847;122;gary;j;kroeger;62;m;w;indian trail;courtfield;5347;28079;nj
A;G002952;123;ashley;renee;brown;32;f;b;durham;hidden meadow;18;27704;nc
B;G002952;124;ashley;renee;brown;32;f;b;elizabethtown;us 701;9473;28337;nc
A;G000662;125;ceyanne;elizabeth;brooks;44;f;w;asheville;forest run;14;28803;ms
B;G000662;126;ceyanne;elizabeth;brooks;44;f;w;asheville;kensington;500;28803;ms
B;G001656;127;timothy;alan;phelps;40;m;w;conover;emmanuel church;2839;28613;nc
A;G001656;128;timothy;alan;phelps;40;m;w;mount ulla;childers;285;28125;
A;G005879;129;vrushhik;;borad;22;m;a;greenville;white hall;918;27858;
B;G005879;130;vrushhik;;borad;22;m;a;wilkesboro;oak hill;1300;28697;
B;G002196;131;stacie;marie;green;37;f;i;fayetteville;captains;504;28311;nc
A;G002196;132;stacie;marie;carter;37;f;i;rowland;donald terry;195;28383;
A;G003266;133;malinda;teeters;pennington;49;f;w;durham;north exeter;12324;27703;nc
B;G003266;134;malinda;teeter;pennington;49;f;w;wilson;westbrook;1904;27896;nc
A;G003936;135;victoria;nashe;mcrae;28;f;b;raeford;main;1393;28376;nc
B;G003936;136;victoria;nashe;may;28;f;b;clayton;avondale;1028;27520;nc
A;G006480;137;beverly;ann;yearwood;55;f;b;fuquay varina;highrock lake;509;27526;
B;G006480;138;beverly;ann;yearwood;55;f;b;apex;churchwood;1102;27502;oc
B;G003055;139;traci;jean;tiemann;32;f;w;durham;millspring;1122;27705;tx
A;G003055;140;traci;jean;tiemann;32;f;u;cary;renaissance park;3417;27513;
A;G000354;141;carol;johanna;bowman;71;f;w;sunset beach;twisted oak;524;28468;pa
B;G000354;142;carol;j;bowman;71;f;w;durham;synnotts;3016;27705;pa
A;G002029;143;steven;lee;doin;61;m;w;vanceboro;winn;200;28586;ny
B;G002029;144;steven;lee;doin;61;m;w;hampstead;sand dollar;303;28443;ny
B;G001836;145;robert;charles;nelson;48;m;w;siler city;tanglewood;919;27344;
A;G001836;146;robert;charles;nelson;48;m;w;asheboro;dusty path;990;27205;nc
B;G004022;147;james;lewis;marshall;71;m;u;mooresville;branchview;213;28115;ny
A;G004022;148;james;lewis;marshall;71;m;w;davidson;river ford;18516;28036;ny
A;G004001;149;ricky;lynn;summers;58;m;b;statesville;crosby;141;28625;nc
B;G004001;150;ricky;lynn;summers;58;m;b;statesville;crosby;141;28625;nc
A;G001628;151;eugene;raymond;fernandez;39;m;o;sherrills ford;ridgeview;7918;28673;ny
B;G001628;152;eugene;raymond;fernandez;39;m;o;huntersville;mccoy;11824;28078;ny
B;G001260;153;kevin;scott;lott;31;m;w;kannapolis;rainbow;4410;28081;
A;G001260;154;kevin;scott;lott;31;m;w;china grove;nc hwy 153;1725;28023;nc
A;G003562;155;douglas;walter;briggs;60;m;w;pfafftown;millwheel;2920;27040;ny
B;G003562;156;douglas;walter;briggs;60;m;w;yadkinville;boulder;1116;27055;ny
B;G001387;157;melanie;brite;murphy;43;f;w;south mills;keeter barn;138;27976;va
A;G001387;158;melanie;brite;riggs;43;f;w;moyock;robert walker;245;27958;va
A;G005496;159;andrew;daniel;rabon;33;m;w;wilmington;sands hill;104;28409;tx
B;G005496;160;andrew;daniel;rabon;33;m;w;raleigh;busted rock;5133;27610;tx
A;G003407;161;david;braxton;jones;57;m;w;tarboro;walnut creek;191;27886;nc
B;G003407;162;david;braxton;jones;57;m;w;nashville;abernathy;1685;27856;nc
B;G005887;163;shannon;renee;wahlen;35;f;w;greenville;barnes;71;27858;nc
A;G005887;164;shannon;wahlen;flannery;35;f;w;greenville;lance;2537;27858;nc
A;G002370;165;jeffery;leon;scott;36;m;b;fayetteville;cliffdale;8581;28314;pa
B;G002370;166;jeffery;leon;scott;36;m;b;raeford;feathers;247;28376;pa
B;G003160;167;andrew;ali;aghapour;33;m;m;durham;willoughby;6;27713;sc
A;G003160;168;andrew;ali;aghapour;33;m;w;carrboro;sue ann;107;27510;oc
A;G006605;169;teresa;fowler;harris;57;f;w;macon;us highway 158;1544;27551;va
B;G006605;170;teresa;fowler;harris;57;f;w;macon;us highway 158;1544;27551;va
A;G005739;171;evelyn;brooks;terry;65;f;w;timberlake;al gray;467;27583;mi
B;G005739;172;evelyn;brooks;terry;65;f;w;timberlake;paradise cove;326;27583;mi
A;G000462;173;travis;caleb;wright;37;m;w;burnsville;three quarter creek;886;28714;ok
B;G000462;174;travis;caleb;wright;37;m;w;weaverville;northview;4;28787;ok
B;G001817;175;joshua;grant;hawk;37;m;w;chapel hill;dalton;591;27517;in
A;G001817;176;joshua;grant;hawk;37;m;w;holly springs;gremar;156;27540;in
A;G003573;177;christine;marie;tozier;48;f;w;pfafftown;mount salem;2495;27040;ca
B;G003573;178;christine;marie;tozier;48;f;w;walkertown;darrow;2540;27051;ca
B;G001954;179;henry;brian;leonard;43;m;w;clarendon;butler town;1040;28432;sc
A;G001954;180;henry;brian;leonard;43;m;w;clarendon;butler town;1040;28432;sc
A;G005066;181;mabelene;d;young;70;f;b;charlotte;julep;2718;28273;
B;G005066;182;mabelene;d;young;70;u;b;raleigh;primanti;8352;27612;
B;G006494;183;alexandra;cain;olney;34;f;w;raleigh;bledsoe;314;27601;ca
A;G006494;184;alexandra;cain;olney;34;f;w;raleigh;bledsoe;314;27601;ca
A;G006188;185;james;ronnie;joyce;69;m;w;madison;k fork;1761;27025;nc
B;G006188;186;james;r;joyce;69;m;w;madison;k fork;1761;27025;nc
B;G000523;187;jon;reed;gallimore;63;m;w;swannanoa;old us 70;610;28778;nc
A;G000523;188;jon;reed;gallimore;63;m;w;stokesdale;albert;413;27357;nc
B;G000227;189;mark;elliott;young;45;m;b;burlington;mebane;1524;27215;nc
A;G000227;190;mark;elliott;young;45;m;b;wake forest;alstonburg;2408;27587;nc
A;G000208;191;anna;w;friddle;39;f;w;burlington;st mark s church;1720;27215;
B;G000208;192;anna;friddle;evans;39;f;w;reidsville;oregon hill;1290;27320;nc
A;G000992;193;gwendolynn;amber;markolf;27;f;w;concord;cloister;751;28027;sc
B;G000992;194;gwendolynn;amber;holt;27;f;w;charlotte;strangford;4014;28215;sc
B;G000473;195;thomas;wayne;defrange;66;m;w;asheville;governors view;214;28805;
A;G000473;196;thomas;wayne;defrange;66;m;w;mills river;butler bridge;3178;28759;ok
B;G004026;197;carol;irvin;mitchell;75;f;w;mooresville;cypress cove;113;28117;in
A;G004026;198;carol;irvin;mitchell;75;f;w;huntersville;pennington;17213;28078;in
A;G003278;199;terrance;lee;williams;47;m;b;durham;wiltshire;4;27713;nc
B;G003278;200;terrance;lee;williams;47;m;b;clinton;boney;207;28328;nc
A;G002132;201;gary;joseph;groder;48;m;w;fayetteville;torbay;3516;28311;nc
B;G002132;202;gary;joseph;groder;48;m;w;wilmington;spartan;330;28405;nc
A;G004427;203;douglas;cain;garner;23;m;w;sanford;thomas kelly;1485;27330;nc
B;G004427;204;douglas;cain;garner;23;f;u;cameron;mclauchlin;344;28326;
B;G003780;205;revera;;arkell;69;f;o;cameron;forest;29;28326;ny
A;G003780;206;revera;;arkell;69;f;o;sanford;mt pisgah church;2805;27332;ny
A;G005192;207;debra;lisa;bloom;58;f;w;charlotte;leaves;7034;28213;ny
B;G005192;208;debra;l;bloom;58;f;w;monroe;commerce;2159;28110;ny
A;G004304;209;curtis;allen;clark;33;m;u;clayton;sugarpine;101;27520;nc
B;G004304;210;curtis;allen;clark;33;m;b;raleigh;trailwood;1820;27606;nc
A;G002795;211;david;robert;halliday;84;m;w;bermuda run;oleander;217;27006;il
B;G002795;212;david;robert;halliday;84;m;w;tryon;club;649;28782;il
B;G001334;213;elizabeth;;baker;47;f;w;granite falls;sue s mobile home;4700;28630;nc
A;G001334;214;elizabeth;marie;baker;47;f;w;hickory;18th av;48;28601;nc
B;G000898;215;vang;;vang;54;m;a;valdese;temple;1175;28690;oc
A;G000898;216;vang;;vang;54;m;a;claremont;bunker hill school;3458;28610;oc
B;G003933;217;tora;shaqurise;watkins;38;f;b;raeford;oakdale gin;437;28376;nc
A;G003933;218;tora;sharquise;edwards;38;f;b;monroe;lind point;219;28110;nc
B;G000408;219;norman;marshall;gore;56;m;w;leland;malmo loop;2462;28451;nc
A;G000408;220;norman;marshall;gore;56;m;w;riegelwood;justice flynn;692;28456;nc
B;G000891;221;david;saint john;hennessee;75;m;u;morganton;concord;331;28655;dc
A;G000891;222;david;saint john;hennessee;75;m;b;morganton;concord;331;28655;dc
B;G003611;223;megan;kimberly;riddle;32;f;w;clemmons;drumheller;657;27012;nc
A;G003611;224;megan;kimberly;riddle;32;f;w;raleigh;wirewood;1071;27605;nc
A;G001684;225;thomas;patrick;thornton;44;m;w;newton;nc 16;2455;28658;fl
B;G001684;226;thomas;patrick;thornton;44;m;w;statesville;coolwood;125;28625;fl
B;G002764;227;sarah;gillespie;bodin;49;f;w;advance;speaks;348;27006;tn
A;G002764;228;sarah;gillespie;bodin;49;f;w;winston salem;autumn park;1478;27106;tn
B;G001810;229;carol;elizabeth;eberle;73;f;w;pittsboro;log barn;134;27312;fl
A;G001810;230;carol;elizabeth;eberle;73;f;w;apex;hughes;704;27502;fl
A;G004044;231;victoria;;turner;59;f;b;statesville;rimrock;482;28625;nc
B;G004044;232;victoria;turner;brown;59;f;b;salisbury;pinehurst;626;28144;nc
A;G002136;233;juan;;santiago;55;m;w;fayetteville;wimbledon;6849;28314;il
B;G002136;234;juan;;santiago;55;m;w;cary;millhous;1108;27513;il
A;G003622;235;dahiana;mercedes;valerio;40;f;o;winston salem;orchard creek;2869;27127;
B;G003622;236;dahiana;mercedes;valerio;40;f;o;charlotte;paces oaks;8305;28213;oc
A;G000810;237;janae;elisabeth;foster;29;f;w;asheville;cumberland;343;28801;ga
B;G000810;238;janae;elisabeth;foster;29;f;w;fletcher;brickton village;176;28732;ga
A;G003790;239;laura;hundley;brown;52;u;u;bunnlevel;winged foot;206;28323;
B;G003790;240;laura;h;brown;52;f;w;rolesville;staples;316;27571;nc
A;G001011;241;akhil;;gundabathula;20;m;a;harrisburg;carnation;2501;28075;tx
B;G001011;242;akhil;;gundabathula;20;m;a;charlotte;summit commons;13725;28277;tx
B;G003599;243;robin;elizabeth;donahue;20;f;w;clemmons;maidwood;7535;27012;
A;G003599;244;robin;elizabeth;donahue;20;f;w;cullowhee;west university;159;28723;
A;G003147;245;mary;elizabeth;inglut;30;f;w;durham;lantern view;12;27703;ny
B;G003147;246;mary;elizabeth;georger;30;f;w;raleigh;brokers tip;10211;27617;ny
A;G005045;247;justin;marshall;mauney;24;m;w;charlotte;providence country club;5804;28277;va
B;G005045;248;justin;marshall;mauney;24;m;w;raleigh;twisted oaks;4611;27612;
B;G001473;249;david;windsor;barringer;52;m;w;morehead city;bay view;118;28557;nc
A;G001473;250;david;windsor;barringer;52;m;w;kinston;cambridge;1713;28504;nc
B;G000924;251;anthony;miguel;carbonetti;35;m;w;morganton;benjamin;2362;28655;fl
A;G000924;252;anthony;miguel;carbonetti;35;m;w;bostic;pleasant view;164;28018;fl
A;G005839;253;lisa;efigenia;romero;39;f;o;roxboro;person court;113;27573;fl
B;G005839;254;lisa;efigenia;romero;39;f;o;pembroke;jones;502;28372;fl
B;G004205;255;pamela;davis;gunter;64;f;w;clayton;barbour;616;27520;nc
A;G004205;256;pamela;d;gunter;64;f;w;raleigh;branchview;1009;27610;nc
A;G002350;257;altavier;jovante;young;22;m;b;fayetteville;alleghany;517;28304;md
B;G002350;258;altavier;jovante;young;22;m;b;greenville;10th;1108;27858;md
A;G004489;259;carol;ann;girardi;66;f;w;denver;bay pointe;7965;28037;ny
B;G004489;260;carol;ann;girardi;66;f;w;huntersville;new oak;8525;28078;ny
B;G003288;261;aurora;dawn;pryor;49;f;w;durham;dover;3411;27707;mi
A;G003288;262;aurora;d;pryor;49;f;o;durham;taproot;4809;27705;mi
B;G006260;263;lisa;dawn;hatley;56;f;w;monroe;hopewood;2517;28110;
A;G006260;264;lisa;d;hatley;56;f;w;monroe;goldmine;3009;28110;
A;G000764;265;kimberly;dawn;edgins;39;f;w;alexander;martin candler;481;28701;nc
B;G000764;266;kimberly;d berry;woodard;39;f;w;valdese;katherine;1220;28690;nc
A;G003929;267;carl;cleveland;manning;71;m;w;raeford;fairfield;645;28376;nc
B;G003929;268;carl;cleveland;manning;71;m;w;roseboro;elizabethtown;3315;28382;
B;G003648;269;matthew;james;rave;50;m;w;winston salem;hawthorne;1239;27103;va
A;G003648;270;matthew;james;rave;50;m;w;sylva;hillcrest;548;28779;va
B;G004830;271;chevone;d;falls;32;u;b;charlotte;idlewild;5524;28227;
A;G004830;272;chevone;denise;falls;32;f;b;matthews;union;1100;28104;nc
A;G004965;273;brenda;kay;wade;36;f;b;charlotte;cheviott hill;11921;28213;nc
B;G004965;274;brenda;kay;richardson;36;f;b;salisbury;standish;1614;28144;nc
A;G000030;275;billie;emma;dodson;42;f;w;mebane;pine valley;2652;27302;ct
B;G000030;276;billie;emma;dodson;42;f;w;mebane;holly hill;4104;27302;ct
B;G003284;277;karen;lorraine;wielunski;36;f;w;durham;stillhouse;4;27704;oh
A;G003284;278;karen;lorraine;wielunski;36;f;w;charlotte;kimrod;218;28270;oh
A;G001439;279;amanda;nicole;pauli;31;f;w;newport;nine foot;446;28570;nc
B;G001439;280;amanda;nicole;pauli;31;f;w;havelock;cedar ridge;217;28532;
B;G001217;281;robin;marie;morris;34;f;w;concord;miller;98;28025;nc
A;G001217;282;robin;marie;morris;34;f;w;new london;kendalls church;32070;28127;nc
A;G003348;283;valerie;jean;everhart hernandez;36;f;w;durham;epping;9;27703;ny
B;G003348;284;valerie;jean;everhart;36;f;w;chapel hill;nc hwy 54;1100;27516;ny
B;G006446;285;laura;ann;frey;44;f;w;wake forest;old dairy;513;27587;nh
A;G006446;286;laura;ann;frey;44;f;w;goldsboro;mill;503;27534;nh
A;G000628;287;beth;ann;phipps;41;f;w;asheville;hillside;205;28801;nc
B;G000628;288;beth;ann;cobb;41;f;w;asheville;dawnwood;5;28803;nc
A;G001014;289;patsy;daniel;rice;73;f;w;harrisburg;rocky river;3902;28075;
B;G001014;290;patsy;daniel;waldrop;73;f;w;denver;three wood;3080;28037;al
B;G004671;291;howard;;johnson;75;u;u;charlotte;echo cove;709;28273;
A;G004671;292;howard;;johnson;75;m;b;white oak;ireland;57;28399;nc
A;G005679;293;jody;;lennon;52;f;w;chapel hill;cool spring;3021;27514;ny
B;G005679;294;jody;;lennon;52;f;w;wake forest;old keith;1321;27587;ny
A;G003118;295;willa;marie;wilkinson;78;f;w;durham;fortunes ridge;5500;27713;ca
B;G003118;296;willa;marie;wilkinson;78;f;w;cary;grande valley;3114;27513;ca
A;G003238;297;cynthia;mccain;hamrick;53;u;u;bahama;johnson mill;9109;27503;nc
B;G003238;298;cynthia;m;hamrick;53;f;w;charlotte;par cove;10713;28277;nc
B;G001389;299;eric;glenn;warren;37;m;w;camden;japonica;302;27921;nc
A;G001389;300;eric;glenn;warren;37;m;w;hampstead;mooney;108;28443;nc
A;G002182;301;trisha;;slehria;22;u;u;fayetteville;birnam;322;28305;
B;G002182;302;trisha;;slehria;22;u;a;raleigh;park;109;27605;
A;G003911;303;shavon;diana;moody;36;f;b;ahoskie;liverman mill;917;27910;va
B;G003911;304;shavon;diana;moody;36;f;b;greenville;washington;1104;27834;va
A;G000254;305;vickie;surrell;robbins;47;f;w;leland;judy;3805;28451;nc
B;G000254;306;vickie;surrell;robbins;47;f;b;riegelwood;old lake;11343;28456;
A;G005186;307;william;clifford;coley;42;m;w;charlotte;water oak;4333;28211;nc
B;G005186;308;william;clifford;coley;42;m;w;raleigh;grand manor;4108;27612;nc
A;G001309;309;lisa;hollaway;stancil;54;f;w;midland;mineral;8989;28107;nc
B;G001309;310;lisa;hollaway;stancil;54;f;w;locust;creekview;17047;28097;
B;G003334;311;meredyth;stewart;albright;21;f;w;durham;duke university west campus;1;27708;nc
A;G003334;312;meredyth;stewart;albright;21;f;w;wake forest;taylors ridge;3133;27587;nc
A;G003455;313;keyona;;briscoe;26;f;b;rocky mount;windsor;1728;27801;md
B;G003455;314;keyona;;briscoe;26;f;b;rocky mount;winston;1212;27803;md
A;G002345;315;hanha;lee;hobson;24;f;o;fayetteville;kennybunk;7813;28304;nc
B;G002345;316;hanha;l;hobson;24;f;m;chapel hill;heritage;243;27516;
A;G002056;317;carol;yevette;price;36;f;w;new bern;bernhurst;305;28560;nc
B;G002056;318;carol;yevette;long;36;f;w;maysville;nc hwy 58;6637;28555;nc
B;G001630;319;charles;franklin;williams;67;m;w;denver;red hill;4500;28037;nc
A;G001630;320;charles;franklin;williams;67;m;w;mocksville;magnolia;249;27028;
A;G004921;321;sydney;marie;respass;26;f;b;charlotte;hendricks chapel;3023;28216;pa
B;G004921;322;sydney;marie;respass;26;f;b;raleigh;crescent creek;2310;27606;pa
A;G002839;323;brittany;sharay;elliote;30;f;w;wallace;nc 41;5368;28466;ga
B;G002839;324;brittany;sharay;curtis;30;f;w;jacksonville;jupiter;136;28546;ga
B;G003051;325;jason;patrick;page;44;m;w;durham;north;1201;27701;
A;G003051;326;jason;patrick;page;44;m;w;carrboro;hanna;107;27510;pa
B;G002294;327;darnell;devon;oatman;48;m;b;fayetteville;ivyridge;5482;28314;dc
A;G002294;328;darnell;devon;oatman;48;m;b;elizabeth city;shillingtown;899;27909;dc
A;G005563;329;chelsea;lynn;donovan;36;f;w;wilmington;2nd;509;28401;il
B;G005563;330;chelsea;lynn;donovan;36;f;w;jacksonville;court;514;28540;
B;G002087;331;paula;gaskins;adams;42;f;w;new bern;myrtle grove;101;28562;nc
A;G002087;332;paula;gaskins;adams;42;f;w;jacksonville;myrtlewood;203;28546;nc
B;G006628;333;rebecca;elizabeth;perry;27;f;w;boone;crest;162;28607;nc
A;G006628;334;rebecca;elizabeth;rubio serrano;27;f;w;millers creek;piney top;118;28651;nc
A;G000917;335;moua;;lor;36;m;o;glen alpine;scott;106;28628;ca
B;G000917;336;moua;;lor;36;m;o;vale;legend;2213;28168;ca
A;G002908;337;benjamin;joseph;berenfield;24;m;w;durham;solterra;142;27705;oh
B;G002908;338;benjamin;joseph;berenfield;24;m;w;chapel hill;longwood;207;27514;oh
A;G005962;339;donald;kevin;kearns;41;m;w;asheboro;crestview church;646;27205;nc
B;G005962;340;donald;kevin;kearns;41;m;w;asheboro;country;2034;27205;nc
B;G006349;341;samantha;faye;wathen;24;f;w;garner;poplar;1102;27529;nc
A;G006349;342;samantha;faye;wathen;24;u;w;raleigh;oak meadow;5720;27612;
B;G003653;343;lee;ann;athey;37;f;w;winston salem;northampton;4348;27105;nc
A;G003653;344;lee;ann;athey;37;f;w;trinity;nc hwy 62;7293;27370;nc
B;G002053;345;calton;grover;cannon;37;m;w;new bern;hopewell;102;28562;nc
A;G002053;346;calton;grover;cannon;37;m;w;durham;james;1820;27707;
B;G003850;347;randolph;meade;williams;74;m;w;maggie valley;alexander;264;28751;md
A;G003850;348;randolph;meade;williams;74;m;w;chocowinity;white oak;103;27817;md
B;G002326;349;robert;lee;carr;52;m;b;fayetteville;cumberland;3030;28306;nc
A;G002326;350;robert;lee;carr;52;u;b;wilmington;princess place;4006;28405;
B;G005774;351;luis;antonio;torres;29;m;b;chocowinity;sams;155;27817;ct
A;G005774;352;luis;anthony;torres;29;m;o;raleigh;armstrong;1205;27610;ct
A;G003657;353;lisa;renea;shelley;46;f;w;winston salem;timlic;22;27107;ga
B;G003657;354;lisa;renea;guthrie;46;f;w;asheboro;atlantic;110;27205;ga
A;G001664;355;crystal;carswell;feimster;34;f;w;conover;lyle haven;1003;28613;nc
B;G001664;356;crystal;carswell;feimster;34;f;w;stony point;rosemont;89;28678;nc
A;G003016;357;persal;;bethune;65;m;b;durham;cascade falls;500;27713;nc
B;G003016;358;persal;;bethune;65;m;b;durham;cascade falls;500;27713;nc
B;G006389;359;christopher;levon;mcnair;40;m;b;raleigh;pecan;209;27603;nc
A;G006389;360;christopher;levon;mcnair;40;m;b;raleigh;method;718;27607;nc
A;G004244;361;john;darnell;green;44;m;b;smithfield;booker dairy;406;27577;dc
B;G004244;362;john;darnell;green;44;m;b;middlesex;smith;10279;27557;dc
B;G003625;363;mark;ellis;podlaski;31;m;w;winston salem;hedgecock;272;27104;nc
A;G003625;364;mark;ellis;podlaski;31;m;w;cornelius;rio oro;20525;28031;nc
A;G005803;365;tobechi;anuli;nwamara;25;f;b;elizabeth city;road;607;27909;nc
B;G005803;366;tobechi;anuli;nwamara;25;f;b;raleigh;st regis;6221;27606;nc
B;G003367;367;veronica;l;rorie;39;f;b;durham;woodcroft;801;27713;nc
A;G003367;368;veronica;latirsh;griffin;39;f;o;wake forest;green drake;4012;27587;nc
B;G003753;369;veronica;louise;meert;30;f;w;sanford;marzy;65;27332;
A;G003753;370;veronica;louise;meert;30;f;w;wilmington;alpine;525;28403;al
A;G004785;371;erin;jerolimic;moore;39;f;w;matthews;windsor hill;1922;28105;ny
B;G004785;372;erin;jerolimic;moore;39;f;w;indian trail;equipoise;1025;28079;ny
A;G000618;373;anna;elise;godden;29;f;w;asheville;pinners cove;657;28803;nc
B;G000618;374;anna;elise;thompson;29;f;w;black mountain;pond;6;28711;nc
A;G001850;375;kathryn;elizabeth;hartley;26;f;w;hickory;mountain oak;298;28601;nc
B;G001850;376;kathryn;elizabeth;hartley;26;f;w;blowing rock;hartley hl;382;28605;nc
B;G005128;377;laurie;janine;halley;52;f;o;charlotte;blackmuir wood;4531;28270;ca
A;G005128;378;laurie;;halley;52;f;w;monroe;pumpernickel;6125;28110;ca
B;G006178;379;kenneth;stephen;hopkins;29;m;w;king;natalie;224;27021;nc
A;G006178;380;kenneth;stephen;hopkins;29;m;w;king;natalie;212;27021;nc
A;G000276;381;sylvia;dove;liner;65;f;w;carolina shores;sunfield;14;28467;nc
B;G000276;382;sylvia;d;liner;65;f;w;charlotte;kilborne;2735;28205;
A;G001475;383;alan;spencer;hill;28;m;w;newport;roberts;688;28570;nc
B;G001475;384;alan;spencer;hill;28;m;w;raleigh;valley run;7616;27615;nc
A;G000846;385;billy;r;carter;78;m;w;asheville;white ash;118;28803;nc
B;G000846;386;billy;ray;carter;78;m;w;flat rock;eagle crest;38;28731;nc
B;G004937;387;jonathan;scott;whitaker;34;m;w;charlotte;angwin;8435;28262;nc
A;G004937;388;jonathan;scott;whitaker;34;m;w;asheboro;filler rd;1346;27205;nc
B;G005746;389;robin;martin;pate;62;u;u;grantsboro;kennels beach;1960;28529;
A;G005746;390;robin;martin;pate;62;f;w;zebulon;car kare;9505;27597;ca
B;G005634;391;nicole;darlene;bono;36;f;w;jacksonville;south;1812;28540;ny
A;G005634;392;nicole;darlene;bono;36;f;w;maple hill;nc hwy 50;7075;28454;ny
B;G004192;393;barbara;perry;guiterrez;79;f;w;garner;telluride;129;27529;nc
A;G004192;394;barbara;perry;gutierrez;79;f;w;wake forest;registry;705;27587;nc
A;G003592;395;howard;monroe;bost;53;m;w;winston salem;murray;5710;27106;nc
B;G003592;396;howard;m;bost;53;m;w;east bend;millcreek;1125;27018;
A;G004047;397;karen;ann;nattinger;52;f;w;mooresville;castles gate;272;28117;tx
B;G004047;398;karen;ann;nattinger;52;f;w;davidson;pine;258;28036;tx
B;G000483;399;douglas;scott;west;61;m;w;arden;sunwest;120;28704;az
A;G000483;400;douglas;scott;west;61;m;w;fletcher;sterling run;31;28732;
A;G004051;401;kyle;lang;houston;28;m;w;statesville;davie;406;28677;nc
B;G004051;402;kyle;lang;houston;28;m;w;matthews;woodbend;12308;28105;nc
A;G005740;403;michael;foley;askew;25;m;w;chapel hill;williamson;510;27514;nc
B;G005740;404;michael;foley;askew;25;m;w;oriental;skipper;106;28571;nc
B;G002752;405;marcella;elisa;caudill;26;f;m;roaring gap;pine tree;100;28668;va
A;G002752;406;marcella;elisa;caudill;26;f;m;wilmington;market;420;28401;va
A;G004389;407;fleming;cecil;jones;46;m;w;trenton;chinquapin chapel;1523;28585;nc
B;G004389;408;fleming;cecil;jones;46;m;w;jacksonville;walnut;507;28540;nc
A;G000772;409;laura;venning;wilson;38;f;w;asheville;alexander;10;28801;nc
B;G000772;410;laura;boudreau;venning;38;f;w;raleigh;leadenhall;2212;27603;
A;G000274;411;eleanor;marie;sullivan;68;f;w;caswell beach;fairway;19;28465;ny
B;G000274;412;eleanor;marie;sullivan;68;f;w;southport;club villas;3350;28461;ny
A;G005610;413;mary;kate;haren;23;f;w;swansboro;camp queen;154;28584;ny
B;G005610;414;mary;kate;haren;23;f;w;swansboro;camp queen;154;28584;ny
A;G001594;415;mary;bryant;harwell;35;f;w;claremont;hall dairy;4440;28610;nc
B;G001594;416;mary;louise;bryant;35;f;w;ferguson;kendell town;1150;28624;nc
A;G004412;417;adrienne;leigh;hildreth;45;f;w;sanford;seth;3233;27330;nc
B;G004412;418;adrienne;leigh;walters;45;f;w;fuquay varina;barn view;429;27526;nc
A;G002079;419;william;h;berkey;35;u;u;vanceboro;nc 118;2860;28586;mi
B;G002079;420;william;h;berkey;35;m;w;chocowinity;taylor;316;27817;mi
B;G000895;421;glenn;scott;colwell;47;m;w;morganton;race track;2398;28655;pa
A;G000895;422;glenn;scott;colwell;47;m;w;conover;31st st;1223;28613;pa
B;G003534;423;cristina;nicole;dalton;37;u;b;winston salem;carlyle place;2335;27103;
A;G003534;424;cristina;nicole;dalton;37;f;b;raleigh;calvary;3123;27604;nc
B;G001308;425;andre;len;cottrell;52;m;b;kannapolis;roanoke;6584;28081;
A;G001308;426;andre;len;cottrell;52;u;u;kannapolis;29th;109;28083;
A;G004683;427;walid;;yussuf;36;m;b;charlotte;eastfield village;13305;28269;
B;G004683;428;walid;omer;yussuf;36;m;b;charlotte;double creek crossing;4115;28269;va
B;G002198;429;patrick;joseph;martin;22;u;w;hope mills;trevino;5759;28348;
A;G002198;430;patrick;joseph;martin;22;m;w;cameron;atlantic coast;19;28326;pa
A;G000753;431;christopher;douglas;webster;44;m;w;weaverville;sherwood;115;28787;nc
B;G000753;432;christopher;douglas;webster;44;m;w;marshall;eddie cody;53;28753;nc
A;G004556;433;laura;jean;schrader;36;f;w;denver;stonesthrow;4600;28037;il
B;G004556;434;laura;jean;schrader;36;f;w;charlotte;steel yard;3451;28205;il
A;G000883;435;joshua;william;kincaid;40;m;w;morganton;rhyne;110;28655;nc
B;G000883;436;joshua;william;kincaid;40;m;w;greenville;mulberry;2715;27858;nc
B;G006191;437;mary;elizabeth;brewster;40;f;w;pilot mtn;lonesome;1040;27041;nc
A;G006191;438;mary;elizabeth;whittington;40;f;w;pilot mountain;arthur needham;295;27041;nc
A;G004486;439;breiyanna;joan;stevermer;23;f;w;stanley;ivey meadow;7779;28164;ia
B;G004486;440;breiyanna;joan;stevermer;23;f;w;charlotte;passour ridge;3436;28269;ia
A;G001047;441;judith;ann;small;48;u;u;concord;bartram;776;28025;
B;G001047;442;judith;ann;small;48;f;b;indian trail;sparkleberry;7534;28079;ny
A;G002305;443;adrienne;graye;ezzell;31;f;w;fayetteville;ramsey;5400;28311;nc
B;G002305;444;adrienne;graye;ezzell;31;f;w;woodlake;river birch;759;28394;nc
A;G004023;445;amy;leigh;galliher;48;f;w;statesville;creekside;151;28625;nc
B;G004023;446;amy;leigh;galliher;48;f;w;wilmington;blue tick;1607;28411;nc
B;G003403;447;eddie;a;roach;57;m;b;rocky mount;cox;1450;27801;
A;G003403;448;eddie;a;roach;57;m;b;greenville;clairmont;320;27834;nc
B;G004041;449;stephen;thomas;cline;42;m;w;mooresville;fieldstone;338;28115;nc
A;G004041;450;stephen;thomas;cline;42;m;w;kannapolis;jaybird;1216;28081;nc
B;G005549;451;andrew;james;cooke;23;m;w;wilmington;tollington;4317;28412;
A;G005549;452;andrew;james;cooke;23;m;w;raleigh;fig vine;411;27609;oc
B;G001324;453;hollie;roper;pennell;41;f;w;lenoir;champion;3222;28645;nc
A;G001324;454;hollie;roper;smith;41;f;w;mooresville;lamplighter;111;28115;nc
B;G005621;455;kassondra;nickole;scheidt;28;f;w;richlands;classy;211;28574;
A;G005621;456;kassondra;nickole;scheidt;28;f;w;greenville;josh;1101;27834;nm
B;G002775;457;samuel;louis;petro;64;m;w;advance;riverbend;451;27006;oc
A;G002775;458;samuel;louis;petro;64;m;w;winston salem;fishel;124;27107;oc
A;G002901;459;brandon;mon a;james;33;m;b;durham;carroll;720;27701;nc
B;G002901;460;brandon;montae;james;33;m;b;raleigh;star sapphire;2100;27610;nc
A;G005372;461;lori;beth;davis;35;f;w;rocky mount;dortches;5998;27804;nc
B;G005372;462;lori;beth;kropp;35;f;w;wilmington;brandy;804;28405;nc
B;G005932;463;harry;neil;thompson;77;m;w;greenville;dovedale;2108;27834;nc
A;G005932;464;harry;neil;thompson;77;m;w;sims;crushed stone;7067;27880;nc
B;G004171;465;brittney;rye;walker;31;f;w;benson;south walden pond;115;27504;
A;G004171;466;brittney;rye;walker;31;f;w;raleigh;river landings;6017;27604;wv
B;G004491;467;maribeth;dobbins;hughes;46;f;w;denver;buena vista;8132;28037;ct
A;G004491;468;maribeth;dobbins;hughes;46;f;w;cornelius;chandlers landing;19225;28031;ct
A;G000611;469;fiora;lynne;lizak;62;f;w;swannanoa;rainbow ridge;55;28778;nc
B;G000611;470;fiora;beveridge;lizak;62;f;w;raleigh;bremerton;11108;27613;nc
A;G002035;471;jason;alexander;hancock;32;m;o;new bern;arbor green;4012;28562;va
B;G002035;472;jason;alexander;hancock;32;m;w;charlotte;tifton;8019;28226;va
B;G005858;473;felicia;denise;cherry dixon;46;f;b;farmville;clubview;3323;27828;nc
A;G005858;474;felicia;denise;cherry dixon;46;f;b;farmville;ghost hollow;3686;27828;nc
A;G000133;475;ashley;marie;bishop;31;f;w;burlington;roslyn;1400;27215;nc
B;G000133;476;ashley;marie;bishop;31;f;w;graham;kernodle;423;27253;nc
B;G002290;477;april;mcgirt;henderson;39;f;b;fayetteville;toledo;1792;28306;nc
A;G002290;478;april;mcgirt;henderson;39;f;b;st pauls;danbury;168;28384;nc
B;G005562;479;timothy;keith;raab;35;m;w;wilmington;penny;5221;28405;az
A;G005562;480;timothy;keith;raab;35;m;w;apex;chatham;315;27502;az
A;G001358;481;jarrett;william;bradley;78;m;i;hudson;mac;3005;28638;nc
B;G001358;482;jarrett;william;bradley;78;m;i;cherokee;acquoni;1108;28719;nc
B;G001803;483;dana;petty;smith;34;f;w;pittsboro;may farm;347;27312;nc
A;G001803;484;dana;petty;sheffield;34;f;w;asheboro;friendly acres;640;27205;nc
A;G005358;485;rodell;austin;spake;53;m;w;rocky mount;tyson;106;27804;ak
B;G005358;486;rodell;austin;spake;53;m;w;jacksonville;greenway;909;28546;or
A;G000037;487;darryl;raynard;moye;53;m;b;mebane;dogwood;1007;27302;nc
B;G000037;488;darryl;raynard;moye;53;m;b;durham;roxboro;2519;27707;ne
B;G000316;489;sarah;beth;wise;34;f;w;boiling spring lakes;redwood;208;28461;ms
A;G000316;490;sarah;beth;tomlinson;34;f;w;kings mountain;oriental;104;28086;ms
A;G002076;491;leander;;forbes;71;m;b;new bern;timothy;201;28560;nc
B;G002076;492;leander;;forbes;71;m;b;swansboro;whistling heron;415;28584;nc
B;G006359;493;jaeyeon;;kim;35;f;o;cary;vallonia;4260;27519;
A;G006359;494;jaeyeon;;kim;35;f;o;raleigh;calliope;2820;27616;oc
A;G005387;495;ashley;ann;atkinson;33;f;w;rocky mount;avent;527;27804;ny
B;G005387;496;ashley;ann;atkinson;33;f;w;littleton;eaton ferry;1831;27850;ny
B;G005301;497;beverly;zhalontay;butler;40;f;b;carthage;fire tower;1820;28327;nc
A;G005301;498;beverly;zhalontay;butler;40;f;b;rockwell;west park;640;28138;nc
B;G006269;499;marie;diane;hilliard;61;f;w;henderson;vance academy;441;27537;nc
A;G006269;500;marie;diane;hilliard;61;f;w;henderson;cooper;613;27536;
A;G000866;501;gregory;price;benton;57;m;w;asheville;windswept;405;28801;ga
B;G000866;502;gregory;price;benton;57;m;w;sherrills ford;norman;7409;28673;ga
A;G001120;503;donophan;;clyburn;67;m;b;concord;helmsley;3100;28027;
B;G001120;504;donophan;;clyburn;67;m;b;charlotte;toxaway;7223;28269;sc
A;G002048;505;courtney;l;cooper;22;u;b;new bern;morton;5309;28562;
B;G002048;506;courtney;latrice;cooper;22;f;b;new bern;morton;5309;28562;nc
B;G005804;507;danielle;nicole;green;32;f;b;elizabeth city;roanoke;800;27909;nc
A;G005804;508;danielle;nicole;green;32;f;b;raleigh;rockglen;6721;27615;nc
B;G005040;509;adam;christopher;allen;32;m;w;charlotte;karen;3030;28205;tx
A;G005040;510;adam;c;allen;32;m;w;mooresboro;kanipe ranch;262;28114;tx
B;G004373;511;christian;emanuel;banks;52;m;b;four oaks;neighbor;97;27524;oh
A;G004373;512;christian;e;banks;52;m;b;turkey;beulah church;2386;28393;
A;G006572;513;paul;eugene;artis;36;m;b;raleigh;lee;222;27601;nc
B;G006572;514;paul;eugene;artis;36;u;u;goldsboro;hart;1515;27530;
A;G005651;515;kristopher;brian;smith;43;m;w;mebane;high ridge;1323;27302;nc
B;G005651;516;kristopher;brian;smith;43;m;w;apex;providence green;1412;27502;nc
B;G001585;517;norma;scalf;wright;66;f;w;claremont;harwell;2736;28610;
A;G001585;518;norma;lee;wright;66;f;w;elk park;jones;140;28622;nc
B;G004298;519;esthephanie;;chavira;22;f;o;four oaks;webb mill;866;27524;nc
A;G004298;520;esthephanie;;chavira;22;f;o;clinton;beulah;4044;28328;nc
A;G005807;521;kirk;j;cepavicius;46;m;o;elizabeth city;timothy;504;27909;ca
B;G005807;522;kirk;james;cepavicius;46;m;w;hertford;nates;113;27944;ca
A;G000935;523;brittany;marie;hamilton;28;f;w;morganton;sequoyah;200;28655;fl
B;G000935;524;brittany;marie;rydzfski;28;f;w;high point;sink lake;629;27265;fl
B;G003019;525;angelica;jeannette;curry;27;f;b;durham;park ridge;900;27713;ne
A;G003019;526;angelica;jeannette;glover;27;f;b;raleigh;atlantic;3424;27604;nc
A;G004080;527;jacob;chase;chandler;26;m;w;statesville;myrtle;122;28625;nc
B;G004080;528;jacob;chase;chandler;26;m;w;lowgap;ivy green;248;27024;nc
B;G003904;529;dorothy;may;carmean;77;f;w;fletcher;terrys gap;331;28732;nc
A;G003904;530;dorothy;cagle;carmean;77;f;w;rocky mount;brandywine;1113;27804;
A;G004600;531;danny;billy poe;jones;62;m;w;nebo;harmony grove;6988;28761;sc
B;G004600;532;danny;billy poe;jones;62;m;w;forest city;us hwy 221a;1942;28043;sc
A;G006556;533;manaka;angela;green;23;u;u;raleigh;ncsu alexander;0;27607;oc
B;G006556;534;manaka;angela;green;23;u;u;raleigh;ncsu alexander;0;27607;
A;G006236;535;laura;marie;sager;32;f;w;waxhaw;briarstone;8806;28173;oh
B;G006236;536;laura;marie;turner;32;f;w;waxhaw;rockwood;4520;28173;oh
A;G005552;537;jeffrey;scott;lyle;58;u;u;wilmington;davie;404;28412;
B;G005552;538;jeffrey;scott;lyle;58;m;w;garner;broughton;117;27529;al
A;G001248;539;daniel;robert;fellenzer;21;m;w;concord;dunberry;4606;28027;oc
B;G001248;540;daniel;robert;fellenzer;21;m;w;charlotte;mallard creek church;1530;28262;oc
B;G004635;541;bruce;scott;perkins;53;m;w;matthews;matthews mint hill;4049;28105;in
A;G004635;542;bruce;scott;perkins;53;m;w;charlotte;ginovanni;13023;28227;in
B;G002594;543;charles;hubert allen;lance;50;m;w;thomasville;paul kennedy;146;27360;
A;G002594;544;charles;hobart allan;lance;50;m;w;trinity;wood village;3696;27370;nc
A;G005061;545;michael;richard;krasuski;19;m;w;davidson;ridge;209;28035;nc
B;G005061;546;michael;richard;krasuski;19;m;w;chapel hill;hansen creek;105;27516;nc
B;G005814;547;michael;john;terry;34;m;w;hampstead;poplar branch;132;28443;
A;G005814;548;michael;john;terry;34;m;w;randleman;branson davis;6339;27317;
A;G002550;549;kirby;wayne;garner;52;m;w;thomasville;lacy hepler;1320;27360;nc
B;G002550;550;kirby;wayne;garner;52;m;w;thomasville;lacy hepler;1320;27360;
B;G006220;551;garry;steven;cardwell;71;m;w;elkin;harris;154;28621;nc
A;G006220;552;garry;steven;cardwell;71;m;w;plymouth;hazel;112;27962;nc
B;G003658;553;donald;carl;stogner;56;m;w;kernersville;round hill;1637;27284;al
A;G003658;554;donald;carl;stogner;56;m;w;cary;giverny;302;27513;al
A;G000727;555;michael;james;brasunas;37;u;u;asheville;first;49;28803;
B;G000727;556;michael;james;brasunas;37;m;w;black mountain;another;42;28711;wv
B;G003715;557;melvin;james;austin;70;m;w;rural hall;stanleyville;6044;27045;nc
A;G003715;558;melvyn;james;austin;70;u;u;statesville;catspaw;520;28677;
B;G003099;559;sabonia;nicole;stewart;44;f;b;durham;maymount;501;27703;nj
A;G003099;560;sabonia;nicole;stewart;44;f;b;rocky mount;leggett;1301;27801;nc
A;G005729;561;michael;stevenson;mcglinchey;41;m;w;mebane;pink dogwood;313;27302;md
B;G005729;562;michael;stevenson;mcglinchey;41;m;w;raleigh;westgrove;4700;27606;md
A;G000646;563;david;patrick;conley;39;m;w;asheville;river ridge;2204;28803;ny
B;G000646;564;david;patrick;conley;39;m;w;fletcher;roanoke;32;28732;ny
A;G000655;565;lyudmila;anatolyevna;tirgoala;28;f;o;asheville;moss pink;2;28806;oc
B;G000655;566;lyudmila;anatolyevna;tirgoala;28;f;w;weaverville;holcombe branch;1659;28787;
A;G003033;567;john;serge;taylor;73;m;w;chapel hill;lancaster;300;27517;ny
B;G003033;568;john;serge;taylor;73;m;w;chapel hill;old mill;758;27514;ny
A;G003068;569;jerome;mcarther;scott;22;m;b;durham;fayetteville;1801;27707;ny
B;G003068;570;jerome;mcarther;scott;22;m;b;raleigh;cardinal grove;5220;27616;ny
A;G002925;571;julie;marie;lowe;37;f;w;morrisville;wind river;1200;27560;la
B;G002925;572;julie;marie;lowe;37;f;w;apex;oak stream;2213;27523;la
B;G000744;573;jacob;james;mcmahan;20;m;w;weaverville;northview park;135;28787;nc
A;G000744;574;jacob;james;mcmahan;20;m;w;mars hill;honey;92;28754;nc
B;G004749;575;goldee;marquie;payton;40;f;w;matthews;treeside;9919;28105;co
A;G004749;576;goldee;marquie;payton;40;f;w;matthews;delamere;3103;28104;co
B;G001640;577;david;michael;boldon;41;m;w;maiden;brentwood;109;28650;nc
A;G001640;578;david;michael;boldon;41;m;w;marion;clear creek;1179;28752;nc
A;G001970;579;shannon;rose;king fowler;44;f;w;delco;applewhite;26;28436;nc
B;G001970;580;shannon;rose;king fowler;44;f;w;lincolnton;jacks;1493;28092;nc
A;G004731;581;leslie;brafford;threatt;57;f;w;charlotte;peverell;2618;28270;
B;G004731;582;leslie;martha;brafford;57;f;w;matthews;kensrowe;1032;28104;nc
A;G004555;583;nicholas;david;reid;31;m;w;denver;nautical view;7693;28037;
B;G004555;584;nicholas;david;reid;31;m;w;chapel hill;maxwell;113;27517;nc
A;G005792;585;cecil;verlin;cherry;76;m;w;washington;voice of america;5108;27889;nc
B;G005792;586;cecil;verlin;cherry;76;m;w;greenville;deerwood;202;27858;nc
A;G004161;587;felicia;michele;boyette;42;f;w;clayton;gracie;131;27520;nc
B;G004161;588;felicia;michele;adams;42;u;w;clayton;marino;109;27527;fl
B;G004321;589;teona;michelle;bannerman;20;f;b;clayton;old yogi;139;27520;nc
A;G004321;590;teona;michelle;bannerman;20;u;u;raleigh;lake ridge;4270;27604;
B;G002014;591;william;andrew;gower;68;m;w;new bern;judge manly;2938;28562;nc
A;G002014;592;william;andrew;gower;68;m;w;new bern;rivertide;128;28562;nc
A;G004622;593;czarina;geneva;moore;31;f;b;charlotte;beatties ford;100;28216;nc
B;G000885;594;cindy;;yang;28;f;a;connelly springs;knobs;7224;28612;ca
B;G004548;595;jeremy;issac;pendleton;40;m;w;crouse;highway 150;2765;28033;nc
A;G002384;596;aracelis;;pabon ramos;44;f;o;fort bragg;martin;131;28307;pr
B;G000184;597;jeremy;leighton;wells;41;m;w;burlington;maple ridge;1204;27217;nc
B;G005584;598;kathryn;demick;smith;45;f;w;gaston;bay;227;27832;ny
A;G006151;599;george;nathan;lee;56;m;w;dunn;stone place;60;28334;nc
B;G003466;600;lois;hudson;moore;66;f;w;tarboro;howard;300;27886;nc
A;G003632;601;ashley;v;clark;39;f;w;winston salem;dewsbury;3707;27104;nc
A;G003631;602;shakela;taquana;simmons;27;f;b;winston salem;glendare;320;27104;nc
A;G006183;603;kelly;erin;graham;32;f;u;king;maple;138;27021;
B;G006524;604;carl;stanley;depo;45;m;w;raleigh;dumfries;5805;27609;ia
A;G004452;605;shaquana;teresa;delesbore;25;f;m;kinston;howard;1311;28501;
B;G005856;606;melissa;sheridan;horsman;51;f;w;greenville;turtle creek;1110;27858;ma
B;G005988;607;crystal;brummett;talent;40;f;w;archdale;aldridge;307;27263;nc
A;G000237;608;laura;lynn;cramer;63;f;w;mebane;carden place;141;27302;mi
B;G006265;609;daniel;;elliott;45;m;b;henderson;lynn haven;147;27536;nc
A;G006169;610;curt;taylor;suneson;27;m;w;richfield;high rock;48400;28137;mn
B;G004735;611;george;a;tolley;53;m;w;charlotte;canterwood;2107;28213;va
B;G003705;612;shirley;cleveland;johnson;74;f;w;walkertown;york place;5215;27051;ny
A;G005750;613;richard;;cushing;71;m;w;oriental;whittaker point;415;28571;mi
A;G002767;614;huldah;norma jo;johnson;44;f;w;mocksville;stone wood;148;27028;nc
B;G006316;615;kathryn;michelle;sayre;35;f;w;raleigh;caspan;1125;27610;ga
B;G000004;616;alyssa;danielle;marion;30;f;w;burlington;spring;852;27215;ny
A;G002295;617;jason;paul;dellarusso;39;m;w;hope mills;maidstone;5915;28348;nc
B;G006637;618;jenna;catherine;wells;23;f;w;boone;crossing way;219;28607;ga
A;G004856;619;george;a;medina;60;m;w;charlotte;long creek;341;28214;oh
B;G006566;620;angela;dawn;cottrell;39;f;w;raleigh;cameo glass;5909;27612;nc
B;G003027;621;wanda;marie;cothern;62;f;w;durham;ross;2551;27703;nc
B;G004124;622;david;isaac;st clair;38;m;w;sylva;cope creek;960;28779;oh
A;G002794;623;william;hampton;andrews;33;m;w;advance;kingsmill;415;27006;al
A;G006062;624;deborah;adams;blackwell;61;f;b;reidsville;stewart store;293;27320;va
B;G006483;625;travis;madison;jones;28;m;w;wake forest;camp kanata;14200;27587;nc
B;G005062;626;anika;ifetayo;bailey;25;f;b;charlotte;modern;7037;28217;ny
B;G005958;627;ariel;ann;gordon;27;f;w;randleman;applewood;3736;27317;nc
A;G001903;628;danny;allen;eaker;49;m;w;cherryville;north shore;170;28021;nc
A;G006616;629;linda;watson;miller;66;f;w;macon;davis dead end;236;27551;id
B;G006246;630;erin;padgett;martin;30;f;w;monroe;hickory;3501;28112;nc
B;G002656;631;sherry;roark;jones;47;f;w;thomasville;bonnie regan;646;27360;nc
B;G004859;632;brian;w;koonce;42;m;w;charlotte;edindale;15011;28277;fl
B;G006087;633;george;wilson;white;73;m;b;reidsville;wentworth;709;27320;nc
A;G005775;634;paul;wendell;mickler;76;m;w;belhaven;water;100;27810;ga
A;G004356;635;sergio;;chavez;26;m;o;angier;happy trails;149;27501;ca
B;G003477;636;kendra;alexa;mark;20;f;b;winston salem;wssu;0;27110;nc
B;G005895;637;christopher;lance;froneberger;33;m;b;greenville;meade;108;27858;nc
A;G006410;638;dene;rogier;perry;49;f;w;wendell;commander;105;27591;sc
B;G002583;639;david;brian;seus;40;m;w;high point;long leaf;6320;27265;ny
B;G006587;640;kimberly;a;kramer;43;f;w;raleigh;davidson;900;27609;nc
A;G005116;641;jamie;lee;mccoy;37;m;w;charlotte;hawk roost;11408;28214;ky
A;G004784;642;john;harold;wilkes;45;m;w;charlotte;whitlock crossing;11171;28273;sc
A;G002670;643;terry;demetrius;russell;39;m;b;lexington;wintergreen;130;27295;ga
B;G006152;644;john;marks;cooper;79;m;w;newton grove;roanoke;6551;28366;nc
A;G005714;645;derek;john;holmgren;33;m;w;carrboro;eugene;108;27510;co
A;G002210;646;venus;contesia;hamilton;45;f;b;fayetteville;flintcastle;4712;28314;
A;G006681;647;jared;blake;williamson;33;m;w;walstonburg;nc hwy 91;7319;27888;nc
A;G005964;648;stefanie;jenkins;thomas;36;f;w;pleasant garden;fred east;6019;27313;nc
A;G002366;649;monica;maria;taveras;40;f;o;fayetteville;rim;808;28314;oc
A;G000367;650;amy;lynn;boltz;34;f;w;bolivia;breezewood;797;28422;nc
A;G003408;651;arnetrius;;applewhite;41;f;b;rocky mount;farmington;1705;27801;nc
B;G006582;652;charles;joseph;smith;36;m;w;raleigh;kaplan;5521;27606;nc
B;G003967;653;debra;fields;wood;65;f;w;mooresville;wallaces grant;124;28115;nc
B;G000177;654;kelly;michelle;bower;33;f;w;burlington;old st mark s church;1720;27215;oh
A;G004983;655;tameisha;yvette;bell;44;f;b;charlotte;hackberry grove;4650;28269;co
B;G003874;656;david;alan;keck;43;m;w;hendersonville;live oak;208;28791;mi
B;G005360;657;jangi;jasmine;hamby;26;f;b;rocky mount;deerchase;1129;27804;nc
A;G006625;658;robert;curtis;rein;28;m;w;boone;mary jean;127;28607;nc
A;G004780;659;marty;b;scott;62;m;w;charlotte;summerpond;5425;28226;ky
A;G000819;660;natalie;dawn;wise;32;f;w;asheville;stratford;412;28804;nc
A;G004097;661;brenda;carolynn;carroll;73;f;w;stony point;june bug;183;28678;nc
A;G003674;662;james;raeford;parrish;79;m;w;winston salem;brockton;1535;27106;nc
B;G002822;663;nathaniel;xavier;mcclamb;20;m;b;warsaw;gum;729;28398;nc
A;G002135;664;rodric;earl;drake;49;m;w;spring lake;pine knoll;1151;28390;wi
A;G003576;665;situ;;shrestha;34;f;o;winston salem;first;614;27101;oc
A;G001002;666;jennifer;elaine;bullock;38;f;w;concord;dunberry;4613;28027;ny
A;G001002;667;jennifer;elaine;bullock;38;f;w;charlotte;wingmont;7704;28269;ny
B;G001002;668;jennifer;elaine;bullock;38;f;w;charlotte;valcourt;5130;28216;ny
A;G006413;669;kathryn;marie;meyer;43;f;w;raleigh;astro;3412;27604;nj
B;G006413;670;kathryn;marie;meyer;43;f;w;raleigh;astro;3412;27604;nj
A;G006413;671;kathryn;m;conlin;43;f;w;raleigh;plainview;210;27604;nj
B;G004864;672;daniel;sebastian;huffenus;54;m;w;charlotte;clavemorr glenn;8717;28226;nj
A;G004864;673;daniel;sebastian;huffenus;54;m;u;charlotte;clavemorr glenn;8717;28226;nj
A;G004864;674;daniel;sebastian;huffenus;54;m;w;waxhaw;iverson;1921;28173;nj
A;G003763;675;emily;anne;woodrum;33;f;w;angier;james norris;1143;27501;nc
A;G003763;676;emily;anne;woodrum;33;f;w;greenville;brownlea;117;27858;
B;G003763;677;emily;woodrum;dejesus;33;f;w;fuquay varina;wilkes lake;2957;27526;nc
A;G004972;678;sherri;belles;yager;49;f;w;charlotte;mahonia;10317;28277;pa
B;G004972;679;sherri;belles;yager;49;f;w;matthews;waybridge;1200;28104;pa
A;G004972;680;sherri;belles;yager;49;f;w;waxhaw;summit view;1905;28173;pa
B;G004823;681;melissa;leigh;brown;39;f;w;matthews;longspur;3034;28105;nc
A;G004823;682;melissa;leigh;brown;39;f;w;matthews;cedar chase;2813;28105;
A;G004823;683;melissa;leigh;brown;39;f;w;matthews;matthews commons;915;28105;nc
B;G004642;684;olga;julia;goodman;33;f;w;charlotte;vinca;9630;28213;ny
A;G004642;685;olga;julia;cortez;33;f;u;charlotte;silverberry;1621;28214;ny
A;G004642;686;olga;julia;goodman;33;f;u;charlotte;knights bridge;8346;28210;ny
A;G000519;687;gay;ray;huff;80;f;w;leicester;green valley;367;28748;nc
A;G000519;688;elsie;ray;huff;80;f;w;leicester;green valley;367;28748;
B;G000519;689;gay;ray;huff;80;f;w;leicester;green valley;367;28748;nc
A;G000673;690;jamie;leanne;gosey;24;f;w;fairview;cane creek;47;28730;nc
A;G000673;691;jamie;leanne;gosey;24;f;w;mooresboro;lake;223;28114;nc
B;G000673;692;jamie;leanne;gosey;24;f;w;boone;ambling way;289;28607;nc
B;G000709;693;joseph;;scheliga;66;m;w;weaverville;white cedar;5;28787;ny
A;G000709;694;joseph;;scheliga;66;m;w;garner;pisgah;104;27529;ny
A;G000709;695;joseph;;scheliga;66;m;w;hampstead;topsail greens;127;28443;ny
A;G001449;696;charlza;lynn;babcock;71;f;w;newport;chatham;154;28570;la
B;G001449;697;charlza;lynn;babcock;71;f;w;new bern;wildlife;680;28560;la
A;G001449;698;charlza;lynn;babcock;71;f;w;waynesville;crawford;410;28785;la
B;G003838;699;weaver;ballou;haney;53;m;w;canton;cruso;14374;28716;nc
A;G003838;700;weaver;ballou;haney;53;m;w;canton;cruso;14374;28716;nc
A;G003838;701;weaver;ballou;haney;53;m;w;raleigh;ligon;2921;27607;nc
A;G002403;702;johnathan;blair;ledford;31;u;u;fayetteville;pepperwood;947;28311;
B;G002403;703;johnathan;blair;ledford;31;m;w;lincolnton;lancrest;130;28092;nc
A;G002403;704;johnathan;blair;ledford;31;m;w;boone;glendamere;118;28607;nc
A;G006447;705;kevin;m;joesph;41;m;b;raleigh;elizabeth bennet;8823;27616;oc
B;G006447;706;kevin;marcus;joseph;41;m;b;raleigh;adian;401;27606;la
A;G006447;707;kevin;m;joseph;41;m;b;raleigh;elizabeth bennet;8823;27616;la
A;G002599;708;victoria;;chappell;26;f;w;lexington;forest hill;24;27295;
A;G002599;709;victoria;lynn;chappell;26;f;w;archdale;brookwood;1507;27263;
B;G002599;710;victoria;chappell;shelton;26;f;w;liberty;nc hwy 49;2931;27298;nc
A;G004613;711;candace;ann;solomon;50;f;w;banner elk;sugar top;303;28604;nc
B;G004613;712;candace;ann;pittman;50;f;w;china grove;daugherty;2220;28023;nc
A;G004613;713;candace;ann;solomon;50;f;w;banner elk;shawnee;2711;28604;nc
A;G005855;714;brigid;matheson;o boyle;29;f;w;greenville;bostic;3960;27834;nc
B;G005855;715;brigid;matheson;oboyle;29;f;w;raleigh;garden crest;1338;27609;nc
A;G005855;716;brigid;matheson;oboyle;29;f;w;raleigh;morgans;8508;27613;nc
A;G005178;717;ginny;johnson;lewis;27;f;w;charlotte;saxonbury;4326;28269;nc
A;G005178;718;ginny;johnson;lewis;27;f;w;asheboro;westmont;749;27205;nc
B;G005178;719;ginny;paige;johnson;27;f;w;asheboro;westmont;749;27205;nc
B;G003521;720;robert;kevin;owens;26;m;w;clemmons;harper;3210;27012;nc
A;G003521;721;robert;kevin;owens;26;m;w;wilmington;greens ferry;4211;28409;nc
A;G003521;722;robert;kevin;owens;26;m;w;greenville;cedar creek;2913;27834;nc
B;G003882;723;michelle;ann;terenzi;27;f;w;fletcher;stoney brook;51;28732;fl
A;G003882;724;michelle;ann;terenzi;27;f;w;fletcher;stoney brook;51;28732;
A;G003882;725;michelle;ann;terenzi;27;f;w;boone;king;229;28607;fl
A;G001105;726;joshua;darren;sanders;30;m;w;kannapolis;longview;922;28081;nc
B;G001105;727;joshua;darren;sanders;30;m;w;landis;zion;511;28088;nc
A;G001105;728;joshua;darren;sanders;30;m;w;kannapolis;westen acres;260;28081;nc
A;G003773;729;andrew;james;rubley;30;m;w;angier;nicholas;87;27501;in
A;G003773;730;andrew;james;rubley;30;m;w;cary;forest wind;527;27513;in
B;G003773;731;andrew;james;rubley;30;m;w;fuquay varina;larktree;331;27526;in
B;G001045;732;rasheika;sade;oneal;28;f;b;kannapolis;rogers lake;804;28081;nc
A;G001045;733;rasheika;sade;oneal;28;f;b;huntersville;dry stone;10813;28078;nc
A;G001045;734;rasheika;sade;o neal;28;f;b;concord;carrie;218;28027;nc
A;G004118;735;jeffrey;vincent;cox;37;m;w;fleetwood;sunnyview;441;28626;fl
B;G004118;736;jeffrey;vincent;cox;37;m;w;denver;smith cove;2351;28037;fl
A;G004118;737;jeffery;v;cox;37;m;w;boone;green field;185;28607;fl
A;G004681;738;arsena;stephanie;schroeder;27;f;b;charlotte;craighead;433;28206;pa
A;G004681;739;arsena;stephanie;schroeder;27;f;b;charlotte;craighead;433;28206;
B;G004681;740;arsena;stephanie;schroeder;27;f;b;charlotte;craighead;433;28206;pa
B;G004482;741;joseph;cameron;justice;31;m;w;kinston;king william;2831;28504;va
A;G004482;742;joseph;cameron;justice;31;m;w;wake forest;durham;801;27587;va
A;G004482;743;joseph;cameron;justice;31;m;w;raleigh;springfield creek;4205;27616;va
A;G004787;744;heather;gragnani;wheatley;40;f;w;charlotte;ross moore;236;28205;va
B;G004787;745;heather;gragnani;wheatley;40;f;w;wilmington;bayshore;237;28411;va
A;G004787;746;heather;marie;hipple;40;f;w;waxhaw;glynwater;1107;28173;
B;G003719;747;william;ryan;boone;39;m;w;winston salem;katies;4608;27101;nc
A;G003719;748;william;ryan;boone;39;m;w;smithfield;tralee;642;27577;nc
A;G003719;749;william;ryan;boone;39;m;w;garner;benson;4401;27529;nc
B;G005760;750;melvin;randy;sawyer;28;m;w;washington;deer tract;1197;27889;nc
A;G005760;751;melvin;randy;sawyer;28;m;w;washington;blake;473;27889;nc
A;G005760;752;melvin;randy;sawyer;28;m;w;washington;rivercreek;5505;27889;nc
B;G003944;753;justin;kyle;gibbs;28;m;w;fairfield;north lake;7334;27826;nc
A;G003944;754;justin;kyle;gibbs;28;m;w;fairfield;north lake;7334;27826;nc
A;G003944;755;justin;kyle;gibbs;28;m;w;greenville;5th;2901;27858;nc
A;G001411;756;cameron;shanne;thompson;31;m;w;newport;venice;170;28570;nc
A;G001411;757;cameron;shanne;thompson;31;m;w;cedar point;vfw;194;28584;nc
B;G001411;758;cameron;s;thompson;31;m;w;hubert;abbitts branch;150;28539;
A;G003090;759;tremaine;jerome;baker;34;m;b;morrisville;keystone park;705;27560;nc
A;G003090;760;tremaine;jerome;monk;34;m;b;raleigh;western;2717;27606;nc
B;G003090;761;tremaine;jerome;baker;34;m;b;wake forest;bramden;9320;27587;nc
A;G005006;762;rene;;couret;39;f;m;charlotte;southwest;3112;28216;ca
B;G005006;763;rene;elaine;couret;39;f;w;lumberton;15th;406;28358;ca
A;G005006;764;rene;elaine;couret;39;f;o;raleigh;hills;6204;27609;ca
B;G001777;765;john;reeves;carpenter;38;m;w;apex;chapel view;230;27523;nc
A;G001777;766;john;reeves;carpenter;38;m;w;lincolnton;springs;999;28092;nc
A;G001777;767;john;reeves;carpenter;38;m;w;cary;hindsight;15211;27519;nc
A;G002830;768;patricia;packer;frazier;72;f;w;wallace;rockfish court;114;28466;nc
B;G002830;769;patricia;parker;frazier;72;f;w;rocky point;arlington;196;28457;nc
A;G002830;770;patricia;aacker;conway;72;f;w;rocky point;arlington;196;28457;nc
A;G006040;771;anniatha;shepard;frazier;67;f;b;lumberton;parrot;91;28360;nc
A;G006040;772;anniatha;s;frazier mcmillan;67;f;b;lumberton;parrot;91;28360;nc
B;G006040;773;anniatha;s;frazier mcmillan;67;f;b;lumberton;parrot;91;28360;nc
A;G000317;774;jahson;hashim ojore ro;jno baptiste;25;m;b;leland;gum branch;3970;28451;ma
B;G000317;775;jahson;;jno baptiste;25;m;b;leland;gum branch;3970;28451;
A;G000317;776;jahson;;jno baptiste;25;m;b;leland;gum branch;3970;28451;ma
B;G001890;777;morgan;clay;morrison;30;f;w;fallston;ross;131;28042;nc
A;G001890;778;morgan;clay;morrison;30;f;w;fallston;ross;131;28042;nc
A;G001890;779;morgan;clay;morrison;30;f;w;brevard;shepard;30;28712;nc
A;G006506;780;elena;;kyriakoulis;25;f;w;raleigh;laurnet;10833;27614;vt
B;G006506;781;elena;;kyriakoulis;25;f;w;raleigh;laurnet;10833;27614;vt
A;G006506;782;elena;;kyriakoulis;25;f;u;boone;brown white dorm;140;28608;
B;G005540;783;diretta;williams;robinson;62;f;b;wilmington;13th;1652;28401;nc
A;G005540;784;diretta;williams;robinson;62;f;b;hampstead;leeward;127;28443;nc
A;G005540;785;diretta;williams;robinson;62;f;b;rocky point;harrison creek;1146;28457;
A;G005443;786;patrick;carter;ledbetter;28;m;w;wilmington;ingleside;6246;28409;nc
A;G005443;787;patrick;carter;ledbetter;28;m;w;wilmington;ingleside;6246;28409;nc
B;G005443;788;patrick;carter;ledbetter;28;m;w;greenville;fleming hall;151;27858;nc
A;G001963;789;santeidra;eunae;bland;34;f;b;bolton;sam potts;15133;28423;nc
A;G001963;790;santeidra;eunae;bland cherry;34;f;b;riegelwood;canal;100;28456;nc
B;G001963;791;santeidra;eunae;bland;34;u;b;durham;logan;1405;27704;
B;G002714;792;steven;gale;godwin;34;m;w;clemmons;meadowfield;204;27012;nc
A;G002714;793;steven;gale;godwin;34;m;w;pfafftown;bramblewood;1913;27040;nc
A;G002714;794;steven;gale;godwin;34;m;w;dunn;prospect church;1866;28334;nc
A;G000963;795;timothy;webb;davis;58;m;w;morganton;anderson;204;28655;nc
A;G000963;796;timothy;webb;davis;58;m;w;ellenboro;hollis;1323;28040;nc
B;G000963;797;timothy;webb;davis;58;m;w;ellenboro;hollis;1323;28040;nc
A;G002881;798;garriel;kenneth;griffin;37;m;w;durham;ninth;1013;27705;wa
A;G002881;799;gabriel;k;griffin;37;m;w;durham;hillsborough;2211;27705;wa
B;G002881;800;gabriel;k;griffin;37;m;w;durham;rosemary;1301;27705;wa
B;G003478;801;shanesha;denise;walker;25;f;m;kernersville;oakhurst;227;27284;
A;G003478;802;shanesha;denise;walker;25;f;m;winston salem;granite;1622;27107;nc
A;G003478;803;shanesha;denise;walker;25;f;b;walnut cove;aspen hill;1025;27052;nc
A;G001202;804;julie;shawn;milligan;44;f;w;davidson;traders;10846;28036;ma
B;G001202;805;julie;shawn;milligan;44;f;w;rockwell;cannon;509;28138;ma
A;G001202;806;julie;shawn;milligan;44;f;w;hamptonville;overland;1014;27020;ma
A;G003331;807;lisa;ann;pressley;51;f;w;morrisville;princess;206;27560;md
A;G003331;808;lisa;ann;pressley;51;f;w;willow springs;silver stirrup;59;27592;md
B;G003331;809;lisa;ann;pressley;51;f;w;holly springs;braedenfield;2120;27540;md
A;G005050;810;allison;jennifer;young;37;f;w;charlotte;aldershot;4100;28211;nc
B;G005050;811;allison;jennifer;young;37;f;w;chapel hill;estes;250;27514;nc
A;G005050;812;allison;jennifer;young;37;f;w;chapel hill;melanie;469;27514;nc
B;G002333;813;philip;christopher;hall;47;m;w;fayetteville;mccloskey;736;28311;wv
A;G002333;814;philip;christopher;hall;47;m;w;dunn;newton grove;7541;28334;wv
A;G002333;815;philip;christopher;hall;47;m;w;goldsboro;nc 111;3445;27534;wv
A;G003694;816;benjamin;alexander;melton;30;m;w;tobaccoville;rolling view;6900;27050;nc
B;G003694;817;benjamin;alexander;melton;30;m;w;sylva;treehaven;63;28779;nc
A;G003694;818;benjamin;alexander;melton;30;m;w;king;conrad;213;27021;nc
A;G005131;819;shamarion;drummer;attaway;29;f;b;charlotte;killarney;2106;28262;nc
B;G005131;820;shamarion;drummer;attaway;29;f;b;charlotte;killarney;2106;28262;nc
A;G005131;821;shamarion;drummer;attaway;29;f;b;salisbury;henderlite;219;28144;nc
A;G003499;822;stacy;michelle;mccuen;39;f;w;winston salem;country club;4755;27104;nc
A;G003499;823;stacy;michelle;mccuen;39;f;w;charlotte;meadow lakes;8337;28210;nc
B;G003499;824;stacy;michelle;mccuen;39;f;w;waxhaw;rehobeth;205;28173;
B;G005753;825;donald;earl;smith;59;m;w;belhaven;smith shore;493;27810;nc
A;G005753;826;donald;earl;smith;59;m;w;hampstead;bishop;625;28443;nc
A;G005753;827;donald;e;smith;59;m;w;raleigh;rock quarry;5120;27610;nc
A;G000546;828;jonathan;marshall;jones;35;m;w;asheville;kensington;2000;28803;nc
B;G000546;829;jonathan;marshall;jones;35;m;w;valdese;gardiol;805;28690;nc
A;G000546;830;jonathan;marshall;jones;35;m;w;hendersonville;rugby hollow;161;28791;nc
A;G000424;831;katherine;dare;harrison;55;f;w;oak island;trott;313;28465;nc
B;G000424;832;katherine;dare;harrison;55;f;w;new bern;lynn;902;28560;nc
A;G000424;833;katherine;dare;harrison;55;f;w;wilmington;croquet;2555;28412;nc
B;G004219;834;michelle;williams;wallace;48;f;u;princeton;first;205;27569;
A;G004219;835;michelle;williams;wallace;48;f;b;selma;brentwood;51;27576;nj
A;G004219;836;michelle;williams;wallace;48;f;b;garner;abberly crest;335;27529;nj
A;G002828;837;daniel;alan;tyndall;40;m;w;mt olive;north duplin school;233;28365;nc
A;G002828;838;daniel;alan;tyndall;40;m;w;wilmington;willoughby park;1410;28412;nc
B;G002828;839;daniel;alan;tyndall;40;m;w;hampstead;kingsport;108;28443;nc
B;G002276;840;thomas;warren;baker;68;m;w;eastover;middle;2110;28312;nc
A;G002276;841;thomas;warren;baker;68;m;w;fayetteville;dunn;2224;28312;nc
A;G002276;842;thomas;warren;baker;68;m;w;white lake;pine cove;89;28337;nc
B;G002958;843;jessica;thompson;wells;39;f;w;durham;holt school;4301;27704;nc
A;G002958;844;jessica;thompson;orr;39;f;w;seven lakes;seminole;122;27376;nc
A;G002958;845;jessica;ruth;thompson;39;f;w;raleigh;sunny corners;2710;27614;nc
A;G002904;846;naisha;dimples;mcmillan;23;f;b;durham;pritchard;1801;27707;nc
A;G002904;847;naisha;d;mcmillan;23;f;b;durham;broad;2112;27705;nc
B;G002904;848;natsha;dimples;mcmillan;23;f;b;durham;formosa;408;27707;nc
B;G001089;849;christopher;s;crutchfield;40;m;w;concord;thompson;1815;28025;
A;G001089;850;christopher;stephen;crutchfield;40;m;w;sherrills ford;roundstone;1405;28673;ny
A;G001089;851;christopher;stephen;crutchfield;40;m;w;charlotte;old concord;9405;28213;ny
B;G005314;852;deirdre;anne;donoghue;55;f;w;whispering pines;lakeshore;90;28327;ny
A;G005314;853;deirdre;a;donoghue;55;f;w;raleigh;cart track;7712;27615;ny
A;G005314;854;deirdre;a;donoghue;55;f;w;raleigh;cart track;7712;27615;ny
A;G003517;855;trevia;michelle;brim;42;f;b;winston salem;vista;350;27106;nc
A;G003517;856;trevia;michelle;brim;42;f;b;eden;chestnut;115;27288;nc
B;G003517;857;trevia;michelle;brim;42;f;b;eden;irving;1254;27288;nc
B;G003031;858;danny;christopher;hill;59;m;w;durham;front;1829;27705;nc
A;G003031;859;danny;christopher;hill;59;m;w;timberlake;derwin;173;27583;nc
A;G003031;860;danny;christopher;hill;59;m;w;raleigh;tetbury;4504;27613;nc
A;G003391;861;donnell;ward;sedgwick;62;m;b;rocky mount;charity;106;27801;va
A;G003391;862;donnell;ward;sedgwick;62;m;b;rocky mount;woods walk;3036;27804;va
B;G003391;863;donnell;ward;sedgwick;62;m;b;rocky mount;tillery;309;27804;
B;G000388;864;jimmy;lewis;tatum;46;m;w;ocean isle beach;ocean haven;1860;28469;nc
A;G000388;865;jimmy;lewis;tatum;46;m;w;fayetteville;camden;3858;28306;nc
A;G000388;866;jimmy;lewis;tatum;46;m;w;albemarle;thompson;24912;28001;nc
A;G004576;867;ebonie;markeeta;brown;31;f;b;williamston;carolina pines;103;27892;nc
A;G004576;868;ebonie;;murphy;31;f;b;greenville;brook creek;4120;27858;
B;G004576;869;ebonie;brown;murphy;31;f;b;windsor;dunlow;115;27983;nc
A;G001238;870;megan;rhoda;hughes allison;46;f;b;concord;mill wright;2601;28027;ks
A;G001238;871;megan;rhoda;hughes;46;f;b;charlotte;m;423;28204;ks
B;G001238;872;megan;rhoda;allison;46;f;b;davidson;stuttgart;17508;28036;ks
B;G001755;873;debra;ann;sawyer;50;f;w;moncure;mill stone rd;261;27559;ny
A;G001755;874;debra;ann;lefton;50;f;w;clayton;wyndfall;234;27527;ny
A;G001755;875;debra;ann;lefton;50;f;w;raleigh;ladys slipper;1100;27606;ny
A;G001479;876;jeremiah;daniel;bunting;31;m;w;peletier;peletier loop;550;28584;va
A;G001479;877;jeremiah;daniel;bunting;31;m;w;havelock;china;109;28532;va
B;G001479;878;jeremiah;daniel;bunting;31;m;w;holly springs;jasper point;140;27540;va
A;G002347;879;mathew;loyal;fitch;49;m;w;hope mills;rossendale;404;28348;ca
B;G002347;880;mathew;loyal;fitch;49;m;w;fayetteville;meadowmont;2816;28306;ca
A;G002347;881;mathew;loyal;fitch;49;m;w;charlotte;tunston;6429;28269;ca
A;G001979;882;eric;hubert;jenkins;44;m;w;whiteville;hallsboro;8363;28472;nc
A;G001979;883;eric;hubert;jenkins;44;m;w;whiteville;washington;715;28472;nc
B;G001979;884;eric;hubert;jenkins;44;m;w;chadbourn;rough and ready;6729;28431;nc
A;G002072;885;lloyd;sterling;bennett;59;m;w;new bern;us 17;2958;28560;nc
A;G002072;886;lloyd;sterling;bennett;59;m;w;trenton;oak grove;1344;28585;nc
B;G002072;887;lloyd;sterling;bennett;59;m;w;burgaw;malpass corner;256;28425;nc
A;G005474;888;rhonda;yvonne;vega;57;f;w;wilmington;hooker;206;28403;oc
B;G005474;889;rhonda;yvonne;vega;57;f;o;wilmington;hooker;206;28403;
A;G005474;890;rhonda;yvonne;vega;57;f;w;holly springs;goosehaven;4505;27540;oc
A;G000423;891;nancy;r;padgett;76;f;w;carolina shores;sunfield;14;28467;nc
A;G000423;892;nancy;r;padgett;76;f;w;carolina beach;rocky mount;805;28428;nc
B;G000423;893;nancy;russell;padgett;76;f;w;wilmington;alder ridge;4520;28412;nc
A;G001150;894;otis;john;huntley;26;m;b;concord;amber;309;28025;ny
B;G001150;895;otis;john;huntley;26;m;b;fayetteville;blount;125;28301;ny
A;G001150;896;otis;john;huntley;26;m;b;carthage;needmore;395;28327;ny
A;G002967;897;kylie;edwards;harris;44;f;w;chapel hill;beecham;1480;27517;nc
B;G002967;898;kylie;edwards;harris;44;f;w;chapel hill;north hill;7201;27514;nc
A;G002967;899;kylie;edwards;harris;44;f;w;chapel hill;kenmore;729;27514;nc
A;G000239;900;nancy;anne;depalma;57;f;w;mebane;fifth;505;27302;ny
B;G000239;901;nancy;anne;depalma;57;f;w;pittsboro;sunny ridge;94;27312;ny
A;G000239;902;nancy;anne;depalma;57;f;w;reidsville;madison;448;27320;ny
B;G005539;903;john;albert;temple;44;m;w;wilmington;wagon;1430;28412;nj
A;G005539;904;john;albert;temple;44;m;w;hampstead;highlands;346;28443;nj
A;G005539;905;john;albert;temple;44;m;w;rocky point;mississippi;215;28457;nj
A;G002986;906;juan;carlos;verdin;39;m;u;durham;shiley;1319;27704;
A;G002986;907;juan;carlos;verdin;39;m;w;durham;bainbridge;2900;27713;in
B;G002986;908;juan;carlos;verdin;39;m;u;cary;dominion oak;727;27519;in
A;G001879;909;e;steve;smith;72;m;w;mooresboro;mckinney;3520;28114;nc
A;G001879;910;ernest;steve;smith;72;m;w;mooresboro;mckinney;3520;28114;nc
B;G001879;911;ernest;steve;smith;72;m;w;mooresboro;mckinney;3520;28114;nc
B;G004497;912;wayne;edward;young;60;m;w;iron station;orchard;4255;28080;nc
A;G004497;913;wayne;edward;young;60;m;w;vale;bill ledford;6320;28168;nc
A;G004497;914;wayne;edward;young;60;m;w;cornelius;grenache;17100;28031;nc
A;G003289;915;matthew;robert;strickland;33;m;w;durham;moorefield;9;27705;mi
B;G003289;916;matthew;robert;strickland;33;m;w;durham;vanguard;1413;27713;mo
B;G003289;917;matthew;robert;strickland;33;m;w;winston salem;turkey hill;3190;27106;mi
A;G003289;918;matthew;robert;strickland;33;m;w;fuquay varina;devonridge;1911;27526;mo
A;G005892;919;irene;gillian;bauer;21;f;w;greenville;jones hall;460;27858;
A;G005892;920;irene;gillian;bauer;21;f;w;knightdale;wellington;109;27545;
B;G005892;921;irene;gillian;bauer;21;u;u;knightdale;wellington;109;27545;
B;G005892;922;irene;gillian;baver;21;u;u;knightdale;wellington;109;27545;
A;G002105;923;james;christopher;wright;34;m;w;new bern;bayberry park;5308;28562;il
A;G002105;924;james;christopher;wright;34;m;w;richlands;gum branch;6766;28574;il
B;G002105;925;james;christopher;wright;34;m;w;raleigh;auston grove;1120;27610;il
B;G002105;926;james;christopher;wright;34;m;w;wake forest;forbes;250;27587;il
B;G005380;927;eric;johnson;batchelor;51;m;w;rocky mount;waterloo;1248;27804;nc
A;G005380;928;eric;johnson;batchelor;51;m;w;rocky mount;waterloo;1248;27804;nc
B;G005380;929;eric;johnson;batchelor;51;m;w;greenville;fire tower;1211;27858;nc
A;G005380;930;eric;johnson;batchelor;51;m;w;zebulon;church;811;27597;nc
A;G005252;931;marvin;lee;bennett;64;m;a;mt gilead;larboard;126;27306;nc
B;G005252;932;marvin;lee;bennett;64;m;a;rockingham;garrett;144;28379;nc
B;G005252;933;marvin;lee;bennett;64;m;a;rockingham;shannon;171;28379;nc
A;G005252;934;marvin;lee;bennett;64;m;i;raleigh;new bern;1901;27610;
B;G004185;935;richard;allen;hodges;39;m;u;smithfield;breadnut;127;27577;nc
A;G004185;936;richard;allen;hodges;39;m;b;kinston;fox run;3118;28504;nc
A;G004185;937;richard;allen;hodges;39;m;b;winterville;vicksburg;1029;28590;
B;G004185;938;richard;allen;hodges;39;m;b;grifton;dogwood;6563;28530;nc
A;G001291;939;angela;plyler;talley;48;f;w;midland;clydesdale;12856;28107;nc
A;G001291;940;angela;plyler;talley;48;f;w;oakboro;st martin;12792;28129;nc
B;G001291;941;angela;plyler;talley;48;f;w;stanfield;math;8592;28163;
B;G001291;942;angela;plyler;talley;48;f;w;stanfield;math;8592;28163;
B;G000927;943;merrick;duane;smith;48;m;b;morganton;valdese;607;28655;nc
A;G000927;944;merrick;duane;smith;48;m;b;winston salem;brownsboro;4217;27106;nc
B;G000927;945;merrick;duane;smith;48;m;b;winston salem;goldfloss;825;27107;nc
A;G000927;946;merrick;duane;smith;48;m;b;wilson;wembly;3407;27896;nc
A;G000385;947;jarrod;;richardson;30;m;w;caswell beach;caswell beach;1000;28465;
B;G000385;948;jarrod;hoke;richardson;30;m;w;troutman;wagner;360;28166;nc
B;G000385;949;jarrod;hoke;richardson;30;m;w;troutman;wagner;360;28166;nc
A;G000385;950;jarrod;hoke;richardson;30;m;w;charlotte;mary alexander;9824;28262;nc
B;G005218;951;elisabeth;f;ward;29;f;w;charlotte;university city;9201;28223;nc
A;G005218;952;elisabeth;forrest;ward;29;f;w;wilmington;reed;4317;28405;
A;G005218;953;elisabeth;forrest;ward;29;f;w;wilmington;reed;4317;28405;nc
B;G005218;954;elisabeth;forrest;ward;29;f;w;raleigh;princeton mill;3310;27612;nc
A;G000837;955;britney;acosta;clubb;28;u;u;asheville;sydney;16;28806;
B;G000837;956;britney;acosta;clubb;28;f;w;waynesville;wilkinson pass;86;28786;fl
A;G000837;957;britney;lynn;acosta;28;f;w;sapphire;carefree;59;28774;fl
B;G000837;958;britney;lynn;acosta;28;f;w;sapphire;carefree;59;28774;
A;G001342;959;lawrence;eugene;laws;40;f;w;hickory;gold creek bay;5669;28601;nc
B;G001342;960;lawrence;eugene;laws;40;m;w;granite falls;connelly springs;2490;28630;nc
B;G001342;961;lawrence;eugene;laws;40;m;w;hickory;7th;412;28601;nc
A;G001342;962;lawrence;eugene;laws;40;u;u;hickory;7th;412;28601;
B;G000616;963;lance;alan;armstrong;44;m;w;asheville;shadowlawn;143;28806;fl
B;G000616;964;lance;armstrong;wisely;44;m;w;sylva;us hwy 441;6858;28779;fl
A;G000616;965;lance;armstrong;wisely;44;m;w;marshall;foster creek;411;28753;fl
A;G000616;966;lance;armstrong;wisely;44;m;w;garner;rose common;108;27529;fl
A;G002320;967;cindy;kay;hickox;41;f;w;fort bragg;cargomaster;59;28307;nc
B;G002320;968;cindy;kay;hickox;41;f;w;thomasville;bell;220;27360;nc
A;G002320;969;cindy;kay;hickox;41;f;w;randleman;caudle;613;27317;nc
B;G002320;970;cindy;kay;hickox;41;f;w;randleman;caudle;613;27317;nc
A;G003247;971;william;rudolph;garfield;61;m;w;durham;sherbon;3204;27707;oh
A;G003247;972;william;rudolph;garfield;61;m;w;wilmington;channel haven;115;28409;oh
B;G003247;973;william;hills;garfield;61;m;w;burgaw;old river;9054;28425;oh
B;G003247;974;william;rudolph;garfield;61;m;w;garner;garner;1412;27529;oh
A;G003454;975;johnnie;earl;lucas;54;m;b;rocky mount;eastern;927;27801;nc
A;G003454;976;johnnie;earl;lucas;118;m;b;spring hope;bergeron;2875;27882;
B;G003454;977;johnnie;earl;lucas;54;m;b;spring hope;bergeron;2875;27882;nc
B;G003454;978;johnnie;earl;lucas;54;m;b;spring hope;bergeron;2875;27882;nc
A;G005331;979;margaret;brittany;stone pruitt;32;f;w;wilson;nc 97;1132;27896;
B;G005331;980;margaret;brittany;stone;32;f;w;middlesex;denton;4800;27557;nc
A;G005331;981;margaret;brittany;stone pruitt;32;f;w;greenville;ellsworth;3357;27834;nc
A;G005331;982;margaret;brittany;stone pruitt;32;f;w;greenville;ellsworth;3357;27834;nc
B;G005331;983;margaret;brittany;stone pruitt;32;f;w;greenville;ellsworth;3357;27834;nc
B;G002668;984;lisa;barefoot;gobble;56;f;w;lexington;radds;6302;27295;nc
A;G002668;985;lisa;barefoot;gobble;56;f;w;high point;glyn water;1047;27265;
A;G002668;986;lisa;barefoot;gobble;56;f;w;winston salem;west;941;27101;nc
A;G002668;987;lisa;barefoot;gobble;56;f;w;kernersville;timber ridge;472;27284;nc
B;G002668;988;lisa;barefoot;gobble;56;f;w;kernersville;timber ridge;472;27284;nc
A;G000464;989;hannah;elizabeth;levin;40;f;w;burnsville;ams;60;28714;nc
B;G000464;990;hannah;elizabeth;levin;40;f;w;brasstown;weber;90;28902;nc
A;G000464;991;hannah;elizabeth;levin;40;f;w;sylva;perley hyatt;324;28779;nc
B;G000464;992;hannah;elizabeth;levin;40;f;w;whittier;groundhog mountain;90;28789;nc
A;G000464;993;hannah;elizabeth;levin;40;f;w;pisgah forest;hart;43;28768;nc
B;G000096;994;whitney;ellen;baker;29;f;w;graham;gilbreath;321;27253;in
A;G000096;995;whitney;ellen;baker;29;f;w;durham;trinity;214;27701;in
B;G000096;996;whitney;ellen;baker;29;f;w;durham;green;709;27701;in
A;G000096;997;whitney;ellen;baker;29;f;w;carrboro;poplar;400;27510;in
A;G000096;998;whitney;ellen;baker;29;f;w;carrboro;greensboro;506;27510;in
B;G004441;999;cynthia;gayle;eads;61;f;w;sanford;franklin;302;27330;fl
A;G004441;1000;cynthia;gayle;eads;61;f;u;hillsborough;orange heights;425;27278;
B;G004441;1001;cynthia;gayle;eads;61;f;w;cary;gregory;105;27513;
B;G004441;1002;cynthia;gayle;eads;61;f;w;raleigh;holly springs;6125;27606;fl
A;G004441;1003;cynthia;gayle;eads;61;f;w;raleigh;fieldspring;190;27606;fl
A;G004441;1004;cynthia;gayle;eads;61;f;w;raleigh;new hope;4723;27604;fl
A;G000949;1005;kimberly;hayes;bennett;47;u;w;morganton;hopewell;994;28655;nc
B;G000949;1006;kimberly;dawn;hayes;47;f;w;morganton;wesley;1713;28655;nc
B;G000949;1007;kimberly;hayes;bennett;47;f;w;hudson;delmar;312;28638;nc
A;G000949;1008;kimberly;hayes;bennett;47;f;w;nebo;cedar brook;55;28761;nc
A;G000949;1009;kimberly;dawn;hayes;47;f;w;nebo;cedar brook;55;28761;
B;G000949;1010;kimberly;dawn hayes;bennett;47;f;w;nebo;cedar brook;55;28761;
B;G005767;1011;lauya;monique;boston;41;f;b;washington;yonkers;193;27889;
A;G005767;1012;lauya;monique;boston;41;f;b;washington;baker;205;27889;nc
A;G005767;1013;lauya;monique;boston;41;f;b;washington;minuteman;200;27889;nc
B;G005767;1014;lauya;monique;boston;41;f;b;washington;baker;137;27889;nc
B;G005767;1015;lauya;monique;boston;41;f;b;garner;seventh;917;27529;nc
A;G005767;1016;lauya;monique;boston;41;f;b;raleigh;tischer;1909;27603;nc
B;G005767;1017;lanya;monique;boston;41;f;b;raleigh;woodpecker;3119;27610;nc
A;G005767;1018;lauya;monique;boston;41;f;b;garner;seventh;917;27529;nc
